YYYY,MM,DD,latitude,longitude,depth,mag,magType
2020,6,3,24.8316,91.1391,30.48,4.2,mb
2020,5,30,27.8896,84.8784,10,4.3,mb
2020,5,28,32.5421,79.491,10,4.4,mb
2020,5,22,32.8636,85.5107,10,4.6,mb
2020,5,22,32.78,85.4493,10,4.3,mb
2020,5,12,27.7046,86.0378,10,4.9,mb
2020,5,3,32.9792,85.6089,10,4.1,mb
2020,4,30,32.2161,89.5179,10,4.3,mb
2020,4,8,23.4203,86.989,10,4,mb
2020,4,4,32.6292,85.4271,10,4.4,mb
2020,4,3,32.6775,85.4882,10,4.8,mb
2020,3,25,34.4893,85.8489,10,4.3,mb
2020,3,24,28.6107,87.2197,10,4,mb
2020,3,20,28.5896,87.3081,10,5.7,mww
2020,3,17,34.5391,85.8363,10,4.6,mb
2020,3,15,32.7903,85.6582,10,4.4,mb
2020,3,15,32.6753,85.455,10,4.2,mb
2020,3,15,28.2184,83.5923,10,4.3,mb
2020,3,12,32.7152,85.3323,10,5.4,mww
2020,3,11,32.568,78.4627,10,4,mb
2020,3,10,32.87,85.3938,10,4.1,mb
2020,3,9,32.7852,85.5166,10,4.2,mb
2020,3,9,32.8006,85.5456,10,5.2,mww
2020,3,8,32.7173,85.4732,10,4.2,mb
2020,2,25,24.5467,90.1767,10,4,mb
2020,2,20,34.5533,85.7767,10,4.6,mb
2020,2,20,34.5182,85.6961,10,5.1,mb
2020,2,8,26.3386,90.7847,10,5,mb
2020,2,8,30.0278,79.9831,18.78,4.7,mb
2020,1,29,28.7675,91.7966,10,4.5,mb
2020,1,27,24.7732,91.7364,10,4.5,mb
2020,1,12,29.4841,81.5921,10,4.3,mb
2020,1,12,29.4848,81.705,10,4.4,mb
2020,1,5,30.3664,85.5587,10,4.3,mb
2020,1,5,29.9815,85.4049,10,4.4,mb
2019,12,19,34.6953,79.7421,10,4.5,mb
2019,12,19,32.4723,86.9509,10,4.9,mb
2019,12,12,27.9194,85.7168,10,4.2,mb
2019,11,28,30.4965,84.2884,15.1,4.6,mb
2019,11,27,27.7986,85.8214,10,4.6,mb
2019,11,27,28.1658,87.8728,64.65,4.4,mb
2019,11,21,26.145,91.1372,48.16,4.3,mb
2019,11,19,29.3228,81.1433,10,5,mww
2019,11,12,30.0659,80.2927,10,4.3,mb
2019,10,26,30.5449,87.3847,10.44,4,mb
2019,10,21,33.4696,81.4093,10,4,mb
2019,10,7,27.293,91.3145,10,4.7,mb
2019,9,28,30.026,81.5319,10,4.4,mb
2019,9,26,28.0869,84.4371,10,4.4,mb
2019,9,22,28.4605,84.3309,18.23,4.5,mb
2019,9,16,29.691,80.7419,10,4.5,mb
2019,8,27,28.9012,86.4476,10,4.5,mb
2019,8,24,30.6928,87.8718,10,4.1,mb
2019,8,20,33.759,86.9172,10,4.1,mb
2019,8,9,28.4321,83.3273,10,4.4,mb
2019,7,28,22.5443,86.4405,10,4.5,mb
2019,7,15,31.7644,91.1874,11.93,4.9,mb
2019,6,29,33.6308,82.5671,10,4.6,mb
2019,6,17,28.4217,87.173,84.75,4.6,mb
2019,5,31,34.4841,82.9807,10,4.3,mb
2019,5,26,23.2123,86.8925,10,4.7,mb
2019,5,26,30.3347,87.5686,10,4.8,mb
2019,5,26,30.3288,87.661,10,4.7,mb
2019,5,25,29.5741,81.4056,49.39,4,mb
2019,5,25,27.6468,86.3425,10,4.5,mb
2019,5,17,27.9487,84.7453,10,4.7,mb
2019,5,11,28.8684,81.5715,31.28,4.5,mb
2019,4,30,29.533,85.3709,10,4.2,mb
2019,4,29,33.5157,81.5138,15.73,4.5,mb
2019,4,29,32.0014,83.7165,10,4,mb
2019,4,28,33.8735,90.5537,10,4.1,mb
2019,4,24,34.8762,82.5526,10,4.5,mb
2019,4,24,27.7651,85.0667,27.34,4.7,mb
2019,4,14,29.5192,81.2864,10,4,mb
2019,4,14,32.3783,89.2588,10,4.5,mb
2019,4,12,30.1742,87.4938,10,4.5,mb
2019,3,21,25.6452,90.9083,10,4.4,mb
2019,3,6,30.1682,87.368,10,4.1,mb
2019,2,7,29.2915,87.2699,10,4.2,mb
2019,2,6,29.2611,87.2216,10,4.1,mb
2019,1,22,27.2579,86.9202,10,4.3,mb
2019,1,20,30.3859,87.6754,9.97,4.7,mb
2019,1,20,30.3908,87.6229,9.85,5.2,mb
2019,1,14,32.965,87.1476,10,4.2,mb
2019,1,10,34.3645,78.2373,34.51,4.6,mb
2019,1,6,34.2031,78.0505,10,4.3,mb
2018,12,24,30.2227,87.4245,10,4.2,mb
2018,12,23,30.1798,87.4547,10,4.9,mb
2018,12,23,30.4684,86.7946,10,5,mb
2018,12,23,30.4079,87.62,10,5.8,mww
2018,12,22,27.7764,85.5548,10,4.1,mb
2018,11,28,30.488,87.8361,10,4.1,mb
2018,11,20,34.064,83.9403,10,4.4,mb
2018,11,14,34.0148,83.9006,11.97,4.5,mb
2018,11,13,33.5889,89.2206,10,4.1,mb
2018,11,11,29.9248,80.6472,10,4.5,mb
2018,11,7,30.5052,87.9351,10,4.4,mb
2018,11,6,32.8748,90.3241,10,4.7,mb
2018,11,4,33.5619,89.3679,6.95,4.5,mb
2018,11,2,34.1017,83.9207,14.92,4.6,mb
2018,10,31,30.2891,87.4647,10,5,mb
2018,10,31,30.3789,87.6483,10,4.7,mb
2018,10,29,34.0313,77.9427,10,4.1,mb
2018,10,29,34.3492,78.1903,10,4.5,mb
2018,10,29,34.2342,78.1243,10,4.9,mww
2018,10,29,34.2929,78.0838,10,4.6,mb
2018,10,22,30.4664,87.7783,13.83,4.8,mb
2018,10,22,30.2176,87.6309,11.42,4.5,mb
2018,10,22,34.1808,83.9736,10,4,mb
2018,10,18,33.5346,89.2072,10,4.7,mb
2018,10,17,33.5233,89.2541,10,4.2,mb
2018,10,16,32.8584,90.1185,10,4.4,mb
2018,10,14,34.1705,84.0333,10,4.6,mb
2018,10,6,33.5319,89.2661,10,4.3,mb
2018,10,5,28.7099,81.4792,10,4.3,mb
2018,10,5,28.874,81.5789,10,4.4,mb
2018,10,2,34.0874,83.8895,10,4.6,mb
2018,9,27,34.2169,80.6903,10,5,mww
2018,9,25,26.0547,90.8859,10,4.4,mb
2018,9,12,26.3711,90.1611,10,5.3,mww
2018,9,1,23.4903,82.446,10,4.7,mb
2018,8,29,34.0721,83.905,10,4.1,mb
2018,8,28,22.6926,87.7938,10,4.5,mb
2018,8,21,34.432,81.3792,10,4.3,mb
2018,8,19,33.1511,88.8284,26.62,4.8,mb
2018,8,4,35.0467,81.0371,10,5.1,mb
2018,8,1,30.3493,87.6027,10,5.2,mww
2018,8,1,30.4062,87.4905,10,4.3,mb
2018,7,30,29.4195,90.341,19.98,4,mb
2018,7,21,34.9676,80.996,10,4.6,mb
2018,7,7,31.8069,83.7746,10,4.4,mb
2018,6,28,27.8919,84.8272,10,4.8,mb
2018,6,28,30.3943,87.5273,10,4.2,mb
2018,6,20,27.1508,87.8133,52.91,4.4,mb
2018,6,20,26.9633,87.505,38.3,4.4,mb
2018,6,17,27.4201,88.4739,49.76,4.4,mb
2018,6,14,30.8612,78.2815,10,4.4,mb
2018,6,8,34.0033,89.3233,10,4.2,mb
2018,6,7,34.2276,78.0514,10,4.4,mb
2018,6,6,30.7553,78.9228,10,4.5,mb
2018,6,5,29.6464,81.6777,10,4.7,mb
2018,5,24,33.9885,89.2958,10,4.2,mb
2018,5,21,31.7412,78.4799,10,4.5,mb
2018,5,10,28.4517,87.421,4.66,4.4,mb
2018,5,8,28.0604,87.4282,32.61,4,mb
2018,5,7,33.1142,90.5869,35,4.2,mb
2018,4,19,31.2589,80.4048,29.83,4,mb
2018,4,12,31.4116,80.6072,10,4.1,mb
2018,4,10,24.1313,82.5522,10,4.6,mb
2018,3,31,33.0398,90.4011,10,4.1,mb
2018,3,21,26.3137,89.9018,10,4,mb
2018,3,20,32.4758,83.6076,32.75,4.4,mb
2018,3,1,30.362,87.6339,11.41,4.9,mb
2018,2,28,30.3194,87.3792,10,4,mb
2018,2,14,34.8817,86.9413,10,4.7,mb
2018,2,11,30.4816,87.4907,12.07,4.2,mb
2018,2,9,32.4809,89.6565,35,4.2,mb
2018,2,8,30.3854,87.8193,10,4.2,mb
2018,1,30,24.5706,89.5825,16.25,4.4,mb
2018,1,25,33.1624,83.1998,10,4,mb
2018,1,20,26.1323,89.8746,11.47,4.5,mb
2018,1,17,34.99,86.9597,10,5.1,mb
2017,12,31,34.0591,87.0347,15.81,4.5,mb
2017,12,18,34.2946,83.3414,15.22,4.1,mb
2017,12,11,25.725,90.8605,10,4.6,mb
2017,12,10,34.3183,78.5677,35.55,4.6,mb
2017,12,8,27.7618,86.1471,10,5,mb
2017,12,6,30.6339,79.1601,10,5.1,mb
2017,12,2,27.2856,88.0806,10,4.2,mb
2017,11,8,24.0923,91.2855,29.51,4.9,mb
2017,11,7,30.2645,87.4355,9.83,4.6,mb
2017,11,6,29.6127,81.2918,10,4.6,mb
2017,10,6,30.0189,86.7671,10,4.4,mb
2017,9,29,33.9698,90.3978,10,4.2,mb
2017,9,7,25.275,90.2279,36.67,4.1,mb
2017,9,2,34.014,83.4386,10,4.6,mb
2017,9,1,32.0662,82.6488,10,4.8,mb
2017,8,22,29.3871,81.1558,10,4.6,mb
2017,8,21,27.5881,86.1237,10,4.5,mb
2017,7,25,23.3761,90.7422,10,4.4,mb
2017,7,15,30.6609,82.7985,51.53,4.6,mb
2017,7,15,28.8507,81.6418,27.7,4.3,mb
2017,7,2,27.2384,86.1159,10,4.8,mb
2017,6,13,33.616,91.076,35,4.8,mb
2017,6,8,33.772,91.116,62.21,4,mb
2017,6,8,33.615,91.0601,10,4.6,mb
2017,5,24,33.5188,88.9596,10,4.2,mb
2017,5,24,27.5189,90.1818,28.39,4.4,mb
2017,5,16,27.3266,88.1714,10,4.2,mb
2017,5,7,33.8033,89.2006,10,4.4,mb
2017,4,27,29.2836,86.0168,8,4.4,mb
2017,4,25,25.6263,90.8833,31.19,4.3,mb
2017,4,24,29.6836,81.3034,18.73,4.3,mb
2017,4,18,25.0632,91.6394,34.06,4.5,mb
2017,3,28,33.6425,90.9632,30.25,4.2,mb
2017,3,26,30.5998,83.6889,34.76,4.2,mb
2017,3,26,27.1419,88.5534,24.39,4.5,mb
2017,3,7,26.9162,89.1143,10,4,mb
2017,2,27,27.3706,85.9319,20.28,4.6,mb
2017,2,27,27.4259,86.0789,11.23,4.7,mb
2017,2,26,30.2107,83.5019,10,4.7,mb
2017,2,12,25.548,91.1035,36.94,4.4,mb
2017,2,6,30.6544,79.1645,16.05,5.1,mwb
2017,2,6,32.0126,83.978,10,4.6,mb
2017,2,1,30.6877,83.3674,10,5.1,mb
2017,1,19,28.9824,88.2848,10,4.1,mb
2017,1,4,30.4946,83.7309,10,4.7,mb
2016,12,1,29.979,80.6321,31.96,5.2,mb
2016,11,27,27.8015,86.5319,10,5.4,mb
2016,10,31,34.8888,85.9776,17.06,4.2,mb
2016,10,23,26.0659,90.2619,24.31,4.6,mb
2016,10,19,24.7872,91.2146,29.79,4.4,mb
2016,10,7,28.35,85.9666,10,4,mb
2016,10,1,34.362,90.352,12.3,4.4,mb
2016,10,1,30.9806,88.1037,34.62,4.2,mb
2016,9,29,34.4797,90.4046,14.44,4.2,mb
2016,9,18,27.8196,85.4746,25.2,4.2,mb
2016,9,10,30.2163,82.6753,35,4.9,mb
2016,9,9,30.3571,82.8488,35,4.3,mb
2016,8,31,34.339,86.186,30.29,4.7,mb
2016,8,31,34.5068,86.3077,30.16,4.2,mb
2016,8,27,31.2127,77.7742,10,4.1,mb
2016,8,27,31.4746,77.7102,10,4.6,mb
2016,8,14,34.3389,86.1993,25.32,4.5,mb
2016,8,12,34.6969,80.3573,25.59,4.4,mb
2016,8,12,34.4055,86.2891,10,4.7,mb
2016,8,11,34.3687,86.2515,29.39,4.7,mb
2016,8,10,34.4074,86.1267,10,4.4,mb
2016,8,10,34.3563,86.1384,10,4.4,mb
2016,8,10,34.4747,86.0882,30.2,4.1,mb
2016,8,10,34.3848,86.1355,30.01,4.3,mb
2016,7,2,29.5139,81.0984,10,4.4,mb
2016,6,30,32.8408,84.8263,38.86,4.3,mb
2016,6,29,29.5553,81.1306,9.03,4.6,mb
2016,6,27,28.7638,87.4704,10,4.7,mb
2016,6,22,31.618,85.1956,10,4.4,mb
2016,6,13,27.9339,84.4925,10,4.1,mb
2016,5,28,28.0097,85.4237,10,4.6,mb
2016,5,26,28.4555,87.4821,10,4,mb
2016,5,23,27.704,85.0896,10,4.3,mb
2016,5,23,28.4178,87.4903,10,4.2,mb
2016,5,22,28.5599,87.5853,11.05,4.3,mb
2016,5,22,28.3854,87.3554,10,4,mb
2016,5,22,28.5654,87.4796,4.44,5.1,mb
2016,5,22,28.4538,87.5326,9.36,5.4,mwc
2016,5,22,28.2457,87.2227,10.37,4,mb
2016,5,22,28.4767,87.5067,6.99,4.5,mb
2016,5,21,28.2817,87.3528,10,4,mb
2016,5,16,25.9006,90.2255,35.12,4.3,mb
2016,5,14,27.8608,85.3631,22.11,4.4,mb
2016,5,13,27.958,85.5191,10,4,mb
2016,5,11,28.0545,84.5639,15.99,4.5,mb
2016,5,11,27.9448,84.9277,10.23,4.5,mb
2016,5,9,28.21,85.7631,39.31,4.2,mb
2016,5,8,34.7921,86.6563,10,4.7,mb
2016,5,7,25.4013,91.7893,37.62,4.1,mb
2016,5,3,29.6379,87.9346,25.81,4.1,mb
2016,4,27,34.5095,81.117,33.58,4.2,mb
2016,4,19,28.3381,87.8381,55.92,4.3,mb
2016,4,16,28.3437,87.4392,10,4.1,mb
2016,4,12,27.6062,86.0621,10,4.3,mb
2016,4,9,27.6354,85.3002,10.22,4.1,mb
2016,4,5,25.7595,90.5452,10,5,mb
2016,4,4,27.5381,85.8383,23.69,4.2,mb
2016,3,30,27.8164,85.5483,10,4.1,mb
2016,3,28,25.9519,90.6891,10,4,mb
2016,3,17,34.044,78.0686,31.9,4.1,mb
2016,3,14,27.7234,85.534,27.09,4.3,mb
2016,3,13,27.8303,84.8208,10,4.4,mb
2016,3,3,33.454,81.4137,13.68,4.4,mb
2016,2,24,27.8322,85.7365,10,4.7,mb
2016,2,21,27.9633,84.6943,16.72,5.1,mb
2016,2,10,27.7118,85.6292,21.15,4.1,mb
2016,2,9,30.8319,86.284,32.43,4.7,mb
2016,2,5,27.8782,85.3377,23.53,5.2,mb
2016,2,2,34.7456,89.2272,11.97,4.5,mb
2016,2,2,34.8454,89.6622,11.42,4.2,mb
2016,1,31,29.6353,84.2685,10,4.1,mb
2016,1,31,29.6637,84.2327,10,4.2,mb
2016,1,28,29.4663,87.9565,10,4.1,mb
2016,1,26,29.5248,87.8553,24.65,4.2,mb
2016,1,21,28.0269,85.0515,19.01,4.5,mb
2016,1,14,29.4873,87.8145,10,4.1,mb
2016,1,13,29.7043,88.0054,10,4.4,mb
2016,1,13,32.6531,91.6264,10,5.2,mb
2015,12,26,29.1913,81.42,10,4.1,mb
2015,12,21,24.4134,90.5812,14.16,4,mb
2015,12,18,29.3985,81.6541,10,5.4,mb
2015,12,16,34.101,82.2113,10,4.1,mb
2015,12,15,23.8301,86.5783,14.79,4.5,mb
2015,11,29,31.373,78.7325,35,4.1,mb
2015,11,25,29.6929,89.8692,77.42,4.7,mb
2015,11,24,28.1552,84.7587,8.19,4.6,mb
2015,11,19,27.8525,85.6776,16.51,5,mb
2015,10,12,28.9796,86.3729,10,4.5,mb
2015,10,10,27.2548,88.8009,48.22,4.3,mb
2015,10,9,28.8544,86.469,10,4.9,mb
2015,10,9,28.8999,86.3397,10,4,mb
2015,10,7,27.8771,84.8817,34.7,4.2,mb
2015,10,6,27.6712,85.9838,14.04,4.3,mb
2015,10,6,27.7479,86.1479,10,4,mb
2015,10,5,31.4974,86.4956,10,4.5,mb
2015,10,5,27.7703,86.1587,10,4.3,mb
2015,10,5,27.6395,86.0343,10,4.5,mb
2015,9,29,27.7769,85.8162,10,4.4,mb
2015,9,29,29.996,80.3737,35,4.6,mb
2015,9,25,26.5308,91.6928,48.82,4.4,mb
2015,9,22,27.6915,85.0633,10,4.4,mb
2015,9,16,27.5875,86.1894,7.48,4.2,mb
2015,9,12,31.6437,87.7942,14.92,4.2,mb
2015,9,11,26.0549,89.5568,18.5,4,mb
2015,9,1,27.6836,86.2819,16.02,4.1,mb
2015,8,30,27.6519,85.6673,10,4.5,mb
2015,8,28,25.432,89.5164,13.7,4.2,mb
2015,8,24,28.3466,87.2202,10.53,4,mb
2015,8,23,27.8355,86.0795,10,5,mb
2015,8,17,27.9066,86.1322,10.44,4.2,mb
2015,8,15,27.7023,85.9473,10,4.7,mb
2015,8,15,27.3759,87.8566,10,4.4,mb
2015,8,14,27.5691,86.086,10,4.6,mb
2015,8,14,33.8258,89.0539,10,4.3,mb
2015,8,9,28.2257,84.8043,10,4.2,mb
2015,8,5,30.3652,80.3368,10,4.1,mb
2015,8,1,28.7475,87.6636,34.28,4.4,mb
2015,8,1,28.532,85.6808,10,4,mb
2015,7,27,27.3538,91.184,32.22,4.4,mb
2015,7,21,33.1185,86.8138,43.72,4.1,mb
2015,7,18,30.4476,79.1538,10,4.4,mb
2015,7,17,32.7191,83.3035,10,4.2,mb
2015,7,10,27.7297,86.0836,10,4.2,mb
2015,7,10,26.6628,90.5991,19.67,4.3,mb
2015,7,10,32.8153,81.9042,16.44,4,mb
2015,7,7,29.6068,81.733,10,4.2,mb
2015,7,6,27.9368,85.6886,10,4.2,mb
2015,7,3,27.7236,84.9064,3.36,4.5,mb
2015,7,2,27.9835,85.5714,10,4.2,mb
2015,7,1,27.2728,91.2869,35.46,4.5,mb
2015,6,30,26.0436,90.7596,42.34,4,mb
2015,6,29,27.4724,85.7525,10,4.3,mb
2015,6,29,28.003,85.6279,10,4,mb
2015,6,28,28.0316,86.056,10,4.7,mb
2015,6,28,26.6384,90.41,26,5.1,mwb
2015,6,22,27.5413,85.9898,10,4.3,mb
2015,6,21,27.8059,86.0295,10,4.1,mb
2015,6,21,32.69,83.238,10,4.3,mb
2015,6,20,28.5523,82.6319,10,4.7,mb
2015,6,17,28.2774,85.8766,10,4.3,mb
2015,6,17,27.9426,85.4981,10,4.3,mb
2015,6,17,27.7381,85.2944,5.7,4,mb
2015,6,14,28.1763,85.7529,10,4.1,mb
2015,6,13,27.6326,86.0709,10,4.8,mb
2015,6,12,27.7705,86.0379,10,4,mb
2015,6,11,28.115,84.6937,10.32,4.4,mb
2015,6,11,27.8321,85.5836,24.49,4.8,mb
2015,6,11,27.8955,85.7959,10,4.2,mb
2015,6,7,27.9734,85.5328,10,4.2,mb
2015,6,4,34.711,91.4559,25.29,4,mb
2015,6,3,28.011,86.0953,10,4,mb
2015,5,30,27.8802,84.9263,10,4.3,mb
2015,5,30,34.5823,90.9881,10,4.8,mb
2015,5,29,27.9798,84.7819,10,4.8,mb
2015,5,28,28.0923,84.6435,10,4,mb
2015,5,28,34.5503,90.9239,13.97,4.4,mb
2015,5,27,28.2528,84.9717,10,4.1,mb
2015,5,27,27.4029,84.716,10,4.4,mb
2015,5,27,27.3256,84.6635,10,4,mb
2015,5,26,28.2338,85.1005,10,4.6,mb
2015,5,25,28.5718,87.2411,42.44,4.3,mb
2015,5,24,28.0271,84.6734,10,4.4,mb
2015,5,22,29.8042,81.6888,10,4.3,mb
2015,5,22,27.6635,85.6936,10,4.1,mb
2015,5,22,27.5438,86.0511,10,4.3,mb
2015,5,22,27.9555,84.9671,10,4.7,mb
2015,5,21,27.8173,85.209,10,4,mb
2015,5,20,27.3231,85.0483,10,4.6,mb
2015,5,19,27.7722,85.868,10,4.2,mb
2015,5,18,27.5867,85.8925,10,4.4,mb
2015,5,18,27.9438,84.6997,10,4.1,mb
2015,5,17,27.5777,85.8239,10,4.3,mb
2015,5,16,27.6804,85.9514,10,4.4,mb
2015,5,16,28.0094,84.6978,10,4.1,mb
2015,5,16,27.5603,86.0734,7,5.5,mww
2015,5,16,27.4751,85.1653,10,4.2,mb
2015,5,16,27.6386,85.713,10,4.7,mb
2015,5,16,28.0074,84.5187,10,4.1,mb
2015,5,15,27.9719,84.7499,10,4.9,mb
2015,5,14,27.6713,86.1515,10,4.4,mb
2015,5,13,27.7199,86.0503,8.38,5,mb
2015,5,13,27.8014,86.038,10,4.2,mb
2015,5,13,27.7666,86.3084,10,4.2,mb
2015,5,13,27.7201,86.1891,10,4.8,mb
2015,5,13,27.7582,86.1379,10,4.5,mb
2015,5,13,27.6539,86.1557,10,4.7,mb
2015,5,13,27.6248,86.3299,10,4.1,mb
2015,5,13,27.6695,86.2315,10,4.1,mb
2015,5,12,27.8032,86.0034,10,4,mb
2015,5,12,27.783,84.6384,10,5.2,mb
2015,5,12,27.9152,86.2389,5.36,4,mb
2015,5,12,27.5858,85.1413,13.35,4.3,mb
2015,5,12,27.6868,86.1308,8.52,4.5,mb
2015,5,12,27.6432,86.1584,10.93,4.3,mb
2015,5,12,27.6456,86.294,11.23,4.1,mb
2015,5,12,27.717,86.2514,15.68,4,mb
2015,5,12,27.4989,86.1266,10,4.8,mb
2015,5,12,27.712,85.9418,6.54,4.4,mb
2015,5,12,27.617,86.2307,10,4,mb
2015,5,12,27.7411,86.2211,10,4,mb
2015,5,12,27.6485,86.2971,10,4.4,mb
2015,5,12,27.7866,86.0808,10,4.2,mb
2015,5,12,27.721,86.2602,10,4.4,mb
2015,5,12,27.6013,86.2659,10,4.5,mb
2015,5,12,27.7321,85.8975,10,4.4,mb
2015,5,12,27.7461,85.9016,10,4.4,mb
2015,5,12,27.6516,86.1632,7.9,4.2,mb
2015,5,12,27.8728,85.9511,10.61,4.1,mb
2015,5,12,27.6132,85.9896,10,4.4,mb
2015,5,12,27.6406,85.8062,10,4,mb
2015,5,12,27.6751,85.9931,10,4.5,mb
2015,5,12,27.6936,85.9018,10,4.3,mb
2015,5,12,27.6838,86.1369,10,4.4,mb
2015,5,12,27.8202,85.982,10,4.1,mb
2015,5,12,27.6414,86.2033,10,4.2,mb
2015,5,12,27.7305,86.199,10,4,mb
2015,5,12,27.4765,86.3405,10,4,mb
2015,5,12,27.716,86.2746,10,4.5,mb
2015,5,12,27.7987,86.4044,10,4.6,mb
2015,5,12,27.6606,86.0849,10,4.5,mb
2015,5,12,27.6896,85.9158,10.01,4.4,mb
2015,5,12,27.7172,86.1734,10,4.3,mb
2015,5,12,27.7617,85.9301,10,4.2,mb
2015,5,12,27.6658,86.2505,10,4.5,mb
2015,5,12,27.7318,86.0672,10,4.6,mb
2015,5,12,27.7729,86.195,10,4.5,mb
2015,5,12,28.0084,86.3358,10,4,mb
2015,5,12,27.6469,86.2138,10,4.3,mb
2015,5,12,27.7431,86.01,10,4,mb
2015,5,12,27.7042,86.2108,10,4.4,mb
2015,5,12,28.1877,86.0143,16.34,4.3,mb
2015,5,12,27.7486,86.0692,10,4.8,mb
2015,5,12,27.7298,86.1316,15,5.2,mb
2015,5,12,27.7629,85.7574,15,5.1,mb
2015,5,12,27.4654,85.7306,10,4.3,mb
2015,5,12,27.7221,86.0161,15,5,mb
2015,5,12,27.9198,86.1387,10,4.2,mb
2015,5,12,27.7351,86.5554,10,4.5,mb
2015,5,12,27.7224,86.2576,10,4.9,mb
2015,5,12,27.5579,86.039,10,4.9,mb
2015,5,12,27.6521,86.2387,11.77,4.9,mb
2015,5,12,27.625,86.1617,15,6.3,mww
2015,5,12,27.7458,86.2449,10,5.4,mb
2015,5,12,27.7477,86.0099,10,4.1,mb
2015,5,12,27.5589,86.2566,10,5,mb
2015,5,12,27.5796,86.2338,10,4.8,mb
2015,5,12,27.3073,86.2369,10,4.9,mb
2015,5,12,27.7141,86.2177,13.01,5.5,mb
2015,5,12,27.8087,86.0655,15,7.3,mww
2015,5,11,27.7589,85.789,10,4.3,mb
2015,5,11,27.9326,85.9366,10,4.3,mb
2015,5,11,28.0071,85.827,10,4,mb
2015,5,10,27.4485,85.5858,10,4.3,mb
2015,5,10,27.7776,86.001,10,4,mb
2015,5,8,27.9634,85.0259,10,4,mb
2015,5,8,27.8668,85.9591,10,4.2,mb
2015,5,8,27.6418,85.979,11.56,4.9,mb
2015,5,5,27.6962,85.9535,10,4.1,mb
2015,5,5,27.7226,85.9867,10,4.1,mb
2015,5,4,27.8147,85.9036,10,4.2,mb
2015,5,4,27.7864,86.0097,10,4.1,mb
2015,5,4,27.926,86.1704,10,4,mb
2015,5,4,27.6326,85.9746,10,4.5,mb
2015,5,3,27.7349,85.8791,10,4.2,mb
2015,5,3,27.6999,84.9331,10,4.3,mb
2015,5,3,27.7665,84.6005,10,4,mb
2015,5,2,27.6395,85.9324,10,4.3,mb
2015,5,2,27.6545,85.9494,10,4.3,mb
2015,5,2,27.9171,85.369,10,4.2,mb
2015,5,2,28.3143,84.6576,10,4.9,mb
2015,5,2,27.7972,85.3532,10,4,mb
2015,5,2,27.7751,85.9042,10,4,mb
2015,5,2,27.3802,85.1775,10,4,mb
2015,5,1,27.6072,85.5759,10,4,mb
2015,5,1,27.7249,84.6329,10,4.1,mb
2015,5,1,28.5301,86.2397,10,4,mb
2015,4,30,27.9057,84.6664,10,4.3,mb
2015,4,29,28.33,87.2319,10,4.5,mb
2015,4,29,27.8677,85.7031,10,4.4,mb
2015,4,29,28.0838,84.676,18.76,4.1,mb
2015,4,29,27.864,85.4086,10,4.6,mb
2015,4,29,27.7449,84.564,10,4.2,mb
2015,4,28,27.9577,85.8817,10,4.1,mb
2015,4,27,27.9641,85.2821,10,4.2,mb
2015,4,27,27.841,85.7877,10,4.2,mb
2015,4,27,31.7602,83.5157,10,4.2,mb
2015,4,27,28.0066,84.682,21.35,4.8,mb
2015,4,27,27.6728,85.1212,10,4.3,mb
2015,4,27,27.8065,85.8855,10,4,mb
2015,4,27,27.6802,85.6085,10,4.3,mb
2015,4,27,28.0231,84.5829,19.52,4.3,mb
2015,4,27,26.8644,88.055,31.71,5.1,mb
2015,4,27,27.8347,86.1373,10,4,mb
2015,4,27,27.9352,84.7251,10,4.1,mb
2015,4,27,27.4565,85.7818,10,4.3,mb
2015,4,27,27.6794,84.9579,10,4.1,mb
2015,4,26,27.5298,85.6751,10,4.6,mb
2015,4,26,27.8804,85.7813,10,4.3,mb
2015,4,26,27.9888,84.7645,10,4.4,mb
2015,4,26,27.7579,85.3686,10,4.2,mb
2015,4,26,27.8297,85.865,14,5,mwb
2015,4,26,28.1223,84.6464,10,4.3,mb
2015,4,26,27.686,85.9657,10,4.5,mb
2015,4,26,27.8112,85.4088,10,4.5,mb
2015,4,26,27.5683,85.7179,8.42,4,mb
2015,4,26,27.4422,85.9371,10,4.3,mb
2015,4,26,27.9232,85.8032,10,4.4,mb
2015,4,26,27.7307,85.854,10,4.6,mb
2015,4,26,28.0119,85.8449,10,4.4,mb
2015,4,26,27.8072,85.781,10,4.3,mb
2015,4,26,27.7325,86.0078,10,4.2,mb
2015,4,26,27.0336,85.9863,10,4.3,mb
2015,4,26,27.7555,85.9822,10,4.7,mb
2015,4,26,27.7004,85.9136,10,4.9,mb
2015,4,26,27.7711,86.0173,22.91,6.7,mww
2015,4,26,27.9966,84.7082,10,4.5,mb
2015,4,26,28.0281,85.3595,10,4.1,mb
2015,4,26,28.1724,84.6699,10,4,mb
2015,4,26,27.469,85.5624,10,4.3,mb
2015,4,26,28.2272,84.5858,10,4.5,mb
2015,4,26,27.6257,86.0531,10,4.1,mb
2015,4,26,27.5936,85.4424,10,4.2,mb
2015,4,25,27.6098,85.8354,6.57,4.1,mb
2015,4,25,27.6678,86.0726,15.68,4.5,mb
2015,4,25,27.7993,84.8715,13.61,5.1,mww
2015,4,25,27.6038,86.0873,9.21,4,mb
2015,4,25,27.7657,85.8114,23.88,4.6,mb
2015,4,25,27.6437,85.9241,10,4.4,mb
2015,4,25,27.9754,84.5282,10,4.4,mb
2015,4,25,27.6376,85.3501,14.2,4.2,mb
2015,4,25,28.2139,86.1072,35.26,4.5,mb
2015,4,25,28.238,85.829,10,5.1,mwr
2015,4,25,27.8695,85.6359,10,4.9,mb
2015,4,25,27.7109,85.8748,10,4.6,mb
2015,4,25,27.7266,85.9826,10,4.7,mb
2015,4,25,28.0768,85.0378,10,4.6,mb
2015,4,25,27.8055,85.7909,10,4.3,mb
2015,4,25,28.0979,84.5594,10,5.2,mb
2015,4,25,27.4844,86.0952,10,4,mb
2015,4,25,27.9261,85.449,10,4.5,mb
2015,4,25,27.6645,85.8954,10,4.3,mb
2015,4,25,27.8638,85.9255,10,4.2,mb
2015,4,25,28.0596,85.0566,10,4.2,mb
2015,4,25,27.6483,85.4309,10,4.5,mb
2015,4,25,27.4923,86.0058,10,4.4,mb
2015,4,25,27.6021,86.0505,10,4,mb
2015,4,25,27.933,85.5471,10,4.2,mb
2015,4,25,27.8061,85.8842,10,4.6,mb
2015,4,25,27.5075,85.6304,10,4,mb
2015,4,25,28.1447,84.6237,10,4.2,mb
2015,4,25,27.6033,85.9565,10,4.8,mb
2015,4,25,27.7704,85.8322,10,4.1,mb
2015,4,25,27.7999,85.8035,10,4.4,mb
2015,4,25,28.2838,84.7255,10,4.2,mb
2015,4,25,27.5326,85.7255,10,4,mb
2015,4,25,28.0668,84.8842,10,4.4,mb
2015,4,25,27.9945,85.5209,10,4.9,mb
2015,4,25,28.0061,85.3104,10,4.4,mb
2015,4,25,27.7192,85.7503,10,4.7,mb
2015,4,25,28.3902,87.3173,10,5.7,mb
2015,4,25,27.8743,85.3426,10,4.8,mb
2015,4,25,27.8084,85.0718,10,4.4,mb
2015,4,25,27.5866,85.5058,10,5.3,mb
2015,4,25,27.7404,84.8893,10,4.4,mb
2015,4,25,27.7292,85.1727,10,4.2,mb
2015,4,25,27.6708,85.9539,10,4.6,mb
2015,4,25,27.9351,84.6218,10,5,mb
2015,4,25,27.8166,85.5666,10,4.6,mb
2015,4,25,27.6429,85.16,10,4.9,mb
2015,4,25,27.8549,85.7931,10,4.7,mb
2015,4,25,27.7014,85.7563,10,4.9,mb
2015,4,25,27.8132,85.7943,10,4.6,mb
2015,4,25,27.8426,85.7676,10,4.4,mb
2015,4,25,27.846,85.4875,10,4.4,mb
2015,4,25,27.8172,85.5955,10,5,mb
2015,4,25,27.6821,85.7383,10,4.5,mb
2015,4,25,27.9633,85.6099,10,4.3,mb
2015,4,25,27.6891,84.9918,10,4.3,mb
2015,4,25,27.8053,85.8924,10,4.4,mb
2015,4,25,27.8854,85.8478,10,4.2,mb
2015,4,25,27.7574,85.3405,10,4,mb
2015,4,25,27.8818,85.6791,10,4.7,mb
2015,4,25,27.615,85.7307,10,4.8,mb
2015,4,25,27.7879,85.914,10,4.9,mb
2015,4,25,27.9482,85.5837,10,4.3,mb
2015,4,25,28.029,85.3682,10,4.2,mb
2015,4,25,27.964,84.6843,10,4.4,mb
2015,4,25,27.4173,86.0237,10,4.4,mb
2015,4,25,27.7219,86.0061,10,5.1,mb
2015,4,25,27.8822,85.7505,10,5.5,mb
2015,4,25,27.672,85.2009,10,5,mb
2015,4,25,28.2244,84.8216,10,6.6,mww
2015,4,25,27.5862,85.5012,10,4.6,mb
2015,4,25,27.7435,85.8302,10,5.1,mb
2015,4,25,27.7244,85.9479,10,4.6,mb
2015,4,25,27.8478,85.0717,10,4.7,mb
2015,4,25,27.7006,85.5043,10,4.8,mb
2015,4,25,27.687,85.5854,10,5,mb
2015,4,25,27.8006,85.1141,10,5.1,mb
2015,4,25,28.2046,84.492,10,5.4,mb
2015,4,25,27.6857,86.0213,10,5.6,mb
2015,4,25,27.6285,85.5398,10,6.1,mb
2015,4,25,28.2305,84.7314,8.22,7.8,mww
2015,4,22,28.9068,82.5414,10,4.4,mb
2015,4,21,28.8947,82.3938,10,5,mb
2015,4,10,33.394,81.0836,10,4.5,mb
2015,4,8,21.8203,89.5318,17.68,4.6,mb
2015,4,7,32.8699,83.4081,11.91,4.8,mb
2015,4,2,28.7007,86.3309,57.33,4.6,mb
2015,4,1,30.3521,79.5107,10,4.9,mb
2015,2,14,31.3449,80.3877,32.72,4.2,mb
2015,2,13,31.215,80.3855,29.91,4.1,mb
2015,2,7,32.9159,83.4162,10,4.3,mb
2015,2,4,32.866,83.4305,10,5.1,mb
2015,1,31,28.2987,83.9732,32.41,4.8,mb
2015,1,22,29.3853,81.0522,40.66,4,mb
2015,1,5,28.8652,81.6126,34.47,4.2,mb
2014,12,29,26.2946,91.6204,45.02,4,mb
2014,12,26,28.5278,87.3541,57.27,4.9,mb
2014,12,18,27.7395,86.3702,33.6,5,mb
2014,12,6,30.6685,80.0267,10,4.1,mb
2014,11,26,34.2075,83.5541,10,4.5,mb
2014,11,25,28.2061,84.7414,21.05,4.4,mb
2014,11,21,34.4008,79.0039,36.66,4.3,mb
2014,11,17,27.5222,90.3078,31.87,4.2,mb
2014,11,8,34.681,81.3092,34.41,4.1,mb
2014,10,29,31.0958,86.5364,29.52,4.3,mb
2014,10,24,27.8491,91.8364,10,4.3,mb
2014,10,11,34.3887,79.2005,35,4.5,mb
2014,10,10,34.3271,79.1521,45.27,4,mb
2014,10,1,30.4289,82.1111,44.3,4.2,mb
2014,9,29,32.5356,86.0217,10,4.1,mb
2014,9,12,25.6524,89.9947,15,4.1,mb
2014,9,9,34.0785,81.0639,10,4.5,mb
2014,8,29,29.8382,87.8748,25.32,4.2,mb
2014,8,24,30.0384,79.9591,10,4.4,mb
2014,8,22,28.0356,87.7815,59.96,4.4,mb
2014,8,17,23.6717,91.4071,38,4.1,mb
2014,8,11,33.0466,87.7462,10,4.2,mb
2014,8,3,34.5399,85.865,10,4.2,mb
2014,8,3,29.2757,85.4967,10,5.2,mb
2014,8,3,29.1576,85.322,10,4.3,mb
2014,7,22,26.2364,89.5355,14.91,4,mb
2014,7,22,26.0259,89.5651,8.4,4.2,mb
2014,7,22,26.0035,89.7033,16.03,4.3,mb
2014,7,11,30.9429,86.3943,12.25,4.1,mb
2014,7,7,29.4202,81.099,16.32,4.4,mb
2014,7,6,30.3227,80.3415,43.73,4.1,mb
2014,7,3,30.2451,80.3384,35,4,mb
2014,6,19,34.2742,83.2671,48.86,4.1,mb
2014,6,13,29.3624,86.2519,15.43,4,mb
2014,6,11,31.3833,86.3077,10,4,mb
2014,6,9,24.1878,91.5293,31.79,4.1,mb
2014,6,7,30.2645,81.6031,27.1,4.5,mb
2014,6,6,34.2229,89.115,9.68,4.5,mb
2014,5,30,26.5567,90.227,10,4,mb
2014,4,12,31.498,86.4077,27.65,4.1,mb
2014,3,30,31.4096,86.4486,25.85,4.2,mb
2014,3,30,31.3961,86.4624,13.47,5.3,mb
2014,3,8,34.452,80.1638,36.09,4.4,mb
2014,3,7,31.6755,91.1309,15.49,4.7,mb
2014,2,14,24.4221,89.4984,14.43,4.2,mb
2014,2,13,34.0028,89.2848,10.89,4.2,mb
2014,2,11,33.8784,89.2216,10,5.2,mb
2014,2,7,32.0483,90.3587,32.55,4.7,mb
2014,1,22,34.2849,79.7826,43.74,4.2,mb
2014,1,16,31.8719,90.2824,46.49,4.8,mb
2014,1,14,32.947,87.1189,40.7,4,mb
2013,12,28,33.9646,89.2242,22.17,4.4,mb
2013,12,26,34.0241,89.2682,9.11,4.2,mb
2013,12,13,32.8033,89.2479,10.03,4.3,mb
2013,12,11,34.0071,89.1888,25.56,4.9,mb
2013,12,8,27.7317,87.6012,44.81,4,mb
2013,12,6,32.8918,78.6622,41.12,4.3,mb
2013,12,4,26.5885,89.5628,13.6,4.7,mb
2013,11,15,34.5371,77.7468,30.76,4.2,mb
2013,11,3,29.3825,81.8689,38.58,4,mb
2013,10,31,32.9869,81.342,15.4,4.1,mb
2013,10,29,27.2426,91.3813,38.19,4.3,mb
2013,10,8,33.9286,89.7445,39.54,4.3,mb
2013,10,3,27.2898,88.4022,9.87,5.2,mb
2013,9,22,31.4853,86.5844,12.62,4.2,mb
2013,9,15,30.9206,83.2204,32.81,4.4,mb
2013,9,11,34.9486,80.9925,30.03,4.7,mb
2013,8,30,28.0742,85.7479,45.78,4.1,mb
2013,8,30,28.1613,85.8966,54.65,4.9,mb
2013,8,26,33.9842,87.9063,15.65,4,mb
2013,8,6,23.3104,88.4902,35.88,4.5,mb
2013,8,6,31.4676,86.4892,10,4.8,mb
2013,8,6,31.4444,86.4483,8.91,5.2,mb
2013,8,4,28.2703,87.1352,35.51,4.3,mb
2013,8,2,29.9248,87.8236,29.42,4.2,mb
2013,7,17,34.579,86.002,10.4,4.1,mb
2013,7,15,28.383,87.599,52.5,4.7,mb
2013,7,14,34.643,91.076,23.5,4,mb
2013,7,12,26.267,90.7,48.2,4.1,mb
2013,7,9,32.85,78.327,36.9,4,mb
2013,7,9,32.743,78.17,37.4,4.1,mb
2013,7,9,32.765,78.197,49.9,5,mb
2013,7,8,23.84,91.359,10.1,4.1,mb
2013,6,28,28.655,82.279,24.8,5,mb
2013,6,25,34.256,88.221,10,4.1,mb
2013,6,1,22.02,88.572,10,4.1,mb
2013,5,31,33.897,85.039,14.6,4.3,mb
2013,5,17,31.357,86.321,27,4.1,mb
2013,5,17,31.477,86.513,27.6,4.4,mb
2013,5,16,31.47,86.687,26.3,4,mb
2013,5,16,31.377,86.512,24.3,4.7,mb
2013,5,16,31.241,86.407,26.4,4.4,mb
2013,5,16,31.504,86.604,25.3,5.2,mb
2013,5,15,31.414,86.589,27.5,5.1,mb
2013,5,14,29.4,82.015,35,4,mb
2013,5,13,31.494,86.375,10,4.1,mb
2013,4,19,27.333,87.853,47.1,4.2,mb
2013,4,6,30.039,88.051,35,4.6,mb
2013,3,6,28.758,82.294,10,5,mb
2013,2,25,34.319,85.698,10,4.7,mb
2013,2,25,34.292,85.651,10,5.4,mwb
2013,2,21,29.921,87.994,21.4,4.2,mb
2013,2,19,25.35,89.03,11.8,4.1,mb
2013,2,17,33.748,90.281,10.5,4.3,mb
2013,2,11,30.969,78.268,10,4.6,mb
2013,2,6,34.347,80.606,10,4.2,mb
2013,2,6,34.247,80.424,16.6,4.9,mb
2013,1,22,34.214,80.306,37.8,4,mb
2013,1,17,29.412,81.429,39.1,4.5,mb
2013,1,9,29.694,81.711,15.3,5,mb
2013,1,5,31.318,86.582,35,4.8,mb
2013,1,2,29.368,81.199,10,4.7,mb
2012,12,30,24.209,91.782,22.5,4.3,mb
2012,12,21,28.567,88.536,45.3,4.2,mb
2012,12,18,33.128,84.407,10,4,mb
2012,12,1,34.769,80.718,10,4.1,mb
2012,11,30,27.22,88.2,25,4.7,mb
2012,11,27,30.9,78.422,23.4,4.4,mb
2012,11,26,32.687,88.356,35,4,mb
2012,11,25,23.62,91.482,39.8,4.5,mb
2012,11,11,29.46,81.479,37.1,4.8,mb
2012,11,5,28.447,86.187,77.8,4.5,mb
2012,10,29,34.296,82.416,35,4.2,mb
2012,10,20,28.319,91.838,25.9,4.2,mb
2012,10,18,23.769,81.314,10,5,mb
2012,10,14,32.006,84.919,10,4,mb
2012,10,8,31.832,78.444,10,4.9,mb
2012,9,24,30.987,84.444,34,4.2,mb
2012,9,18,27.33,88.642,42.2,4.6,mb
2012,9,6,25.455,91.208,45.1,4.5,mb
2012,8,28,28.848,82.022,10,4.6,mb
2012,8,24,28.343,82.607,35,4.4,mb
2012,8,24,28.385,82.618,35,4,mb
2012,8,23,28.47,82.69,28.4,5,mb
2012,8,9,28.456,86.74,70.2,4.7,mb
2012,8,1,29.972,85.344,10,4.5,mb
2012,7,31,28.745,82.442,10,4.4,mb
2012,7,31,28.742,82.455,10,4.5,mb
2012,7,28,29.921,80.647,16.5,4.6,mb
2012,7,23,29.79,88.021,35,4.3,mb
2012,7,22,29.951,88.041,29.4,4.9,mb
2012,7,15,33.545,88.587,10,4.2,mb
2012,7,11,29.439,81.287,36.7,4.1,mb
2012,7,10,27.074,90.663,35,4.7,mb
2012,7,3,29.914,88.011,10,4.9,mb
2012,7,2,29.885,87.872,21.4,4.3,mb
2012,6,24,34.318,80.248,41.1,4.3,mb
2012,6,11,27.306,88.13,51.5,4.5,mb
2012,6,9,28.4,84.126,20.1,4.8,mb
2012,5,30,27.328,87.974,35.4,4.3,mb
2012,5,29,33.153,89.433,24.3,4,mb
2012,5,27,30.822,83.466,35,4.8,mb
2012,5,27,26.491,91.1,34.7,4.3,mb
2012,5,19,33.629,87.016,8.1,4.6,mb
2012,5,19,33.77,87.265,10,4.1,mb
2012,4,14,34.189,79.768,30.1,4,mb
2012,4,10,34.101,82.737,35,4.1,mb
2012,4,10,34.383,82.386,34.1,4.7,mb
2012,3,28,32.753,89.24,49.2,4.1,mb
2012,3,27,26.087,87.777,28.8,5,mb
2012,3,25,33.693,89.295,6.4,4.5,mb
2012,3,21,33.421,90.786,53.2,4.2,mb
2012,3,19,29.015,82.321,10,4.3,mb
2012,3,18,23.662,90.259,44,4.5,mb
2012,3,7,32.029,78.109,55.6,4.3,mb
2012,3,7,34.194,81.819,20.6,4.6,mb
2012,3,2,33.977,83.461,10.4,4.8,mb
2012,3,1,27.447,91.237,53.6,4.6,mb
2012,2,26,29.682,81.086,35,4.4,mb
2012,2,17,32.388,82.787,21.9,5.2,mb
2012,2,9,30.986,78.282,6.2,5.1,mb
2012,1,23,32.544,89.209,43.3,4,mb
2012,1,19,29.456,81.89,10,4,mb
2012,1,1,23.472,91.834,27.8,4.6,mb
2011,12,22,31.868,86.389,35,4.9,mwc
2011,12,14,27.504,87.955,47.5,4,mb
2011,12,1,31.804,83.823,6.7,5.1,mwc
2011,11,16,30.212,83.002,35,4,mb
2011,11,12,28.212,84.93,50.5,4.2,mb
2011,10,27,34.643,84.722,10,4.3,mb
2011,10,21,27.131,91.28,27,4.5,mb
2011,9,23,33.723,87.481,10,4.4,mb
2011,9,18,25.759,91.178,37.1,4,mb
2011,9,18,27.353,88.452,28.2,4.7,mb
2011,9,18,27.52,88.583,40.1,4.8,mb
2011,9,18,27.73,88.155,50,6.9,mww
2011,9,11,34.891,89.747,32.5,4.7,mb
2011,8,27,23.355,90.63,10,4.2,mb
2011,8,19,29.548,81.527,10,4,mb
2011,8,15,27.256,86.306,35,4,mb
2011,8,11,30.092,86.814,37.9,4.2,mb
2011,8,1,33.735,87.507,25,4.2,mb
2011,8,1,33.739,87.574,13.6,5.3,mwc
2011,7,17,33.764,88.573,28,4.5,mb
2011,7,12,30.342,83.727,48.2,4.2,mb
2011,6,23,23.887,91.484,35,4.4,mb
2011,6,22,33.928,89.329,39.2,4.7,mb
2011,6,22,33.87,89.244,35,4.1,mb
2011,6,22,33.907,89.224,35,4.7,mb
2011,6,20,30.61,79.338,14.3,4.9,mb
2011,6,9,23.602,89.655,35,4.4,mb
2011,6,3,27.529,88.019,45.7,5,mb
2011,5,24,30.042,85.391,41.4,4.5,mb
2011,5,20,34.4,89.583,25.6,4.1,mb
2011,5,4,30.323,80.433,25.4,4.6,mb
2011,5,3,23.686,91.321,10,4,mb
2011,4,28,32.093,84.19,10,4.2,mb
2011,4,24,29.662,89.29,95,4,mb
2011,4,19,34.29,89.58,15.1,4.9,mwc
2011,4,4,29.698,80.754,26.1,5.3,mwb
2011,2,16,32.529,85.19,53.3,4.2,mb
2011,2,13,27.388,86.941,28.6,4.5,mb
2011,2,12,23.248,90.998,10,4.1,mb
2011,2,10,27.215,88.211,46.2,4,mb
2011,1,2,32.751,88.439,35,4.1,mb
2010,12,29,30.797,86.454,8.4,4.9,mb
2010,12,29,31.089,86.905,10,4.4,mb
2010,12,29,30.942,86.508,21.9,5.1,mwc
2010,11,30,29.775,90.329,10,5.3,mwc
2010,11,25,28.466,82.741,10,4,mb
2010,11,7,30.909,84.509,50.1,4,mb
2010,10,31,32.763,82.297,31.7,4.2,mb
2010,10,18,28.492,85.647,43,4,mb
2010,10,17,28.487,85.677,41.1,4.9,mb
2010,10,7,33.603,90.961,48.6,4.8,mb
2010,10,6,32.621,85.282,10,4.2,mb
2010,9,11,25.72,90.205,22.3,4.5,mb
2010,9,10,23.407,90.648,10,5.1,mwc
2010,8,17,35.051,81.182,20.2,4.4,mb
2010,8,14,34.124,78.735,67.9,4.1,mb
2010,7,24,32.911,88.499,10,4.3,mb
2010,7,21,27.298,91.219,44.5,4.5,mb
2010,7,10,29.318,86.981,42.3,4.6,mb
2010,7,10,30.075,79.608,13.1,4.6,mb
2010,7,6,29.841,80.397,32.8,5,mwc
2010,7,5,31.064,80.538,10,4.8,mb
2010,7,4,29.854,80.375,11.6,4.7,mb
2010,6,24,32.895,85.304,41.8,4,mb
2010,6,22,29.872,80.428,16.3,5.2,mb
2010,6,21,32.675,85.46,10,4.1,mb
2010,6,13,29.547,81.486,10,4.6,mb
2010,6,13,29.587,81.446,19,4.7,mb
2010,6,13,34.566,80.72,53,4.5,mb
2010,6,13,34.569,80.782,38,4.5,mb
2010,6,7,32.784,91.46,35,4.6,mb
2010,6,4,34.498,80.874,35,4.2,mb
2010,6,4,34.641,80.662,35,4.2,mb
2010,6,2,31.406,80.251,35,4,mb
2010,6,1,34.559,80.956,2,4.8,mb
2010,5,28,31.135,77.839,18.8,5,mb
2010,5,14,29.664,90.36,10,4.9,mb
2010,5,3,30.27,78.314,13.5,4,mb
2010,5,1,30.099,80.026,35.5,4.5,mb
2010,4,28,31.647,90.507,10,4.1,mb
2010,3,23,30.427,83.839,35,4.1,mb
2010,3,18,34.334,81.759,37.2,5,mb
2010,3,17,34.496,81.324,10,4.5,mb
2010,3,15,30.64,81.953,29.5,4.9,mb
2010,3,15,30.531,81.875,17.8,4.9,mwc
2010,3,9,30.655,83.773,40.3,4.2,mb
2010,2,28,28.363,86.579,35,4,mb
2010,2,26,28.474,86.745,89.1,5.1,mwc
2010,2,25,29.701,81.68,35.2,4.3,mb
2010,2,25,34.066,82.738,35,4.4,mb
2010,2,22,30.069,80.034,10,4.6,mb
2010,2,19,30.678,83.848,43.2,4.2,mb
2010,1,11,29.744,80.557,35,4.7,mb
2010,1,5,32.384,85.273,54.1,4.9,mb
2010,1,1,30.646,83.791,10,5.2,mwc
2009,12,31,27.319,91.51,10,5.5,mb
2009,12,28,30.686,83.769,10,4.4,mb
2009,12,16,29.518,81.471,35,4.3,mb
2009,12,13,21.998,91.822,10,4.9,mwc
2009,12,13,21.999,91.811,17.3,4.6,mb
2009,12,6,33.197,88.568,54.7,4.8,mb
2009,12,1,27.272,91.455,10,4.2,mb
2009,11,30,27.352,91.435,10,4.4,mb
2009,11,20,30.762,83.448,19,5,mwc
2009,11,18,27.683,90.446,43.9,4.5,mb
2009,11,7,26.922,89.178,41.1,4.1,mb
2009,11,7,29.49,86.008,5.7,5.5,mwc
2009,10,30,29.643,84.585,10,4.4,mb
2009,10,29,26.548,90.018,30.4,4.8,mb
2009,10,29,27.262,91.417,26,5.1,mwc
2009,10,25,34.848,80.38,23,5,mwc
2009,10,3,29.996,79.849,36.1,4.8,mb
2009,9,29,30.888,83.49,10,5,mwc
2009,9,22,27.289,91.526,27.9,4,mb
2009,9,21,27.305,91.491,10,4.1,mb
2009,9,21,30.879,79.057,52.3,5,mb
2009,9,21,27.31,91.489,10,4.5,mb
2009,9,21,27.332,91.437,14,6.1,mwb
2009,9,5,34.233,82.022,46.2,4.8,mb
2009,8,13,33.927,88.696,35,4.2,mb
2009,7,26,33.491,86.924,41.6,4.1,mb
2009,7,24,30.945,85.81,10,4.1,mb
2009,7,24,31.158,85.902,13.4,5.8,mwc
2009,6,11,30.794,83.485,10,4.1,mb
2009,6,6,30.996,86.314,10,4.9,mwc
2009,6,5,32.862,82.068,10,4.3,mb
2009,6,4,32.826,81.906,10,4.6,mb
2009,6,4,32.776,81.755,7.2,5,mwc
2009,5,30,32.843,81.718,35,4.1,mb
2009,5,20,33.731,82.513,35.4,4.4,mb
2009,4,25,26.112,91.446,37.8,4.4,mb
2009,4,6,33.697,82.395,35,4.1,mb
2009,4,4,33.685,82.465,10,4.5,mb
2009,4,3,33.59,82.436,35,4.7,mb
2009,4,3,33.716,82.446,51.9,4.8,mb
2009,4,1,33.659,82.437,10,5,mwc
2009,3,26,22.399,85.903,10,4.1,mb
2009,3,18,30.634,83.734,32,4.1,mb
2009,2,18,30.667,83.857,35,5.1,mwc
2009,1,9,31.807,78.343,28.2,4.2,mb
2009,1,5,23.011,88.706,35,4.2,mb
2008,12,26,29.888,81.979,28,4.1,mb
2008,12,25,27.235,88.631,49.2,4.8,mb
2008,12,8,29.948,82.051,35.6,5.3,mwc
2008,12,7,30.713,83.105,10,4.1,mb
2008,12,4,30.57,83.365,10,4,mb
2008,12,2,27.373,88.051,24.7,5.2,mb
2008,11,25,30.74,83.637,10,4.2,mb
2008,11,25,30.633,83.483,10,4.5,mb
2008,11,23,29.842,90.45,10,4.4,mb
2008,11,20,29.765,90.517,10,4.4,mb
2008,11,18,34.478,83.494,5.3,4.4,mb
2008,11,18,30.254,83.766,34.8,4.5,mb
2008,11,17,29.19,88.226,11.6,4.6,mb
2008,11,14,30.249,83.72,19.8,4.2,mb
2008,11,8,23.636,87.36,10,4.2,mb
2008,11,6,34.378,85.71,10,4.1,mb
2008,10,25,30.833,83.533,10,4,mb
2008,10,24,30.991,83.557,10,4.2,mb
2008,10,22,30.517,83.481,10,4.1,mb
2008,10,16,29.712,90.473,4.9,4.3,mb
2008,10,11,29.657,90.511,10,4,mb
2008,10,10,29.797,90.59,10,4.6,mb
2008,10,10,29.777,90.556,10,4.4,mb
2008,10,9,29.654,90.478,10,4.5,mb
2008,10,9,29.685,90.624,10,4.5,mb
2008,10,9,29.684,90.361,10,4.8,mb
2008,10,8,29.708,90.489,10,4,mb
2008,10,8,29.757,90.328,9,5.5,mwc
2008,10,8,29.733,90.547,10,4.3,mb
2008,10,6,29.652,90.498,10,4.1,mb
2008,10,6,29.77,90.631,10,4.7,mb
2008,10,6,29.752,91.048,24.5,4.6,mb
2008,10,6,29.741,90.404,10,4.4,mb
2008,10,6,29.764,90.464,10,4.9,mb
2008,10,6,29.653,90.32,10,5.2,mwc
2008,10,6,29.747,90.354,10,4.2,mb
2008,10,6,29.696,90.422,10,4.4,mb
2008,10,6,29.806,90.42,10,5.1,mb
2008,10,6,29.722,90.572,10,4,mb
2008,10,6,29.752,90.461,10,5,mb
2008,10,6,29.773,90.435,10,4.7,mb
2008,10,6,29.748,90.44,10,4.6,mb
2008,10,6,29.643,90.401,10,4.8,mb
2008,10,6,29.807,90.35,12,6.3,mwc
2008,10,5,30.738,83.224,10,4.3,mb
2008,10,5,30.658,83.278,10,4,mb
2008,9,25,30.884,83.482,10,4.9,mwc
2008,9,25,30.822,83.512,10,4.1,mb
2008,9,25,30.789,83.404,10,4.3,mb
2008,9,25,30.836,83.487,4,6,mwc
2008,9,20,23.394,90.691,10,4.2,mb
2008,9,20,23.398,90.732,10,4.5,mb
2008,9,20,30.99,83.522,10,4.2,mb
2008,9,20,31.149,83.746,10,4.1,mb
2008,9,19,28.579,86.671,69.2,4,mb
2008,9,15,30.738,83.273,10,4.1,mb
2008,9,10,30.693,83.386,10,4.4,mb
2008,9,10,30.795,83.397,7.3,5.4,mwc
2008,9,10,30.759,83.427,10,4.8,mb
2008,9,10,30.783,83.591,10,5.3,mwc
2008,9,7,30.507,83.133,10,4,mb
2008,9,4,30.782,83.362,6.9,4.2,mb
2008,9,4,30.279,80.349,10,5,mwc
2008,9,2,30.53,83.171,10,4,mb
2008,9,2,30.461,82.968,10,4,mb
2008,9,1,30.777,83.469,15.5,4.5,mb
2008,8,30,30.755,83.44,10,5,mwc
2008,8,30,30.562,83.313,10,4.3,mb
2008,8,29,30.734,83.386,10,4.9,mwc
2008,8,29,30.771,83.426,24.4,4.2,mb
2008,8,29,30.631,83.318,10,4.5,mb
2008,8,29,30.545,83.247,10,4,mb
2008,8,28,30.64,83.251,10,4.4,mb
2008,8,28,30.927,83.401,10,4.2,mb
2008,8,28,30.823,83.609,10,4,mb
2008,8,27,30.666,83.358,31.8,4.7,mb
2008,8,27,30.85,83.544,10,4.2,mb
2008,8,27,30.787,83.313,10,4.1,mb
2008,8,27,30.796,83.512,10,4.6,mb
2008,8,27,30.992,83.653,10,4.4,mb
2008,8,26,30.659,83.284,10,5,mb
2008,8,26,30.644,83.239,29.4,4.2,mb
2008,8,26,30.844,83.524,3.3,4.3,mb
2008,8,26,30.688,83.311,10,4.6,mb
2008,8,26,30.874,83.509,10,4,mb
2008,8,26,30.584,83.326,10,4.1,mb
2008,8,26,31.653,91.406,13.1,4.9,mwc
2008,8,26,30.742,83.241,10,4.3,mb
2008,8,26,30.64,83.27,10,4.3,mb
2008,8,25,31.001,83.57,13,4,mb
2008,8,25,30.928,83.473,21.4,5,mwc
2008,8,25,30.634,83.285,10,5.1,mwc
2008,8,25,30.733,83.379,10,4.1,mb
2008,8,25,30.778,83.292,10,4.4,mb
2008,8,25,30.711,83.466,10,4.2,mb
2008,8,25,30.684,83.446,10,4.2,mb
2008,8,25,30.69,83.326,21.7,4.5,mb
2008,8,25,30.506,83.273,10,4.6,mb
2008,8,25,30.981,83.514,26,4.6,mb
2008,8,25,30.831,83.523,10,5.2,mb
2008,8,25,30.749,83.356,28.1,4.3,mb
2008,8,25,30.797,83.38,10,5.2,mb
2008,8,25,30.712,83.377,10,5,mb
2008,8,25,30.901,83.52,12,6.7,mwc
2008,8,19,30.077,80.013,15.5,4.2,mb
2008,8,18,35.029,81.304,10,4,mb
2008,8,11,35.045,81.16,10,4.4,mb
2008,8,8,31.812,83.934,10,4.8,mwc
2008,8,2,29.538,81.623,29.5,4.1,mb
2008,7,28,32.288,85.173,17.3,4.7,mb
2008,7,26,24.788,90.536,17.5,4.8,mb
2008,7,16,33.697,89.206,10,4.2,mb
2008,7,6,26.979,89.734,25.8,4,mb
2008,7,5,24.39,88.481,35,4.2,mb
2008,6,20,27.863,85.714,12.9,4.1,mb
2008,6,15,29.459,81.083,29,4.6,mb
2008,6,14,29.945,89.891,10,4.5,ml
2008,6,8,32.447,85.243,10,5.1,mwc
2008,6,4,34.323,81.747,46.7,4.2,mb
2008,5,29,26.308,91.791,45.5,4.5,mb
2008,5,25,28.959,88.999,10,4.4,mb
2008,4,25,32.624,85.321,26.4,4.3,mb
2008,4,25,32.625,85.227,10,5,mwc
2008,4,18,35.022,81.158,10,5,mwc
2008,4,10,32.455,85.214,10,4.7,mb
2008,3,27,33.045,87.691,11.6,4.7,mb
2008,3,21,34.991,81.097,37.6,5,mwc
2008,3,17,29.76,81.531,10,4.7,ml
2008,3,2,29.422,81.918,10,4.4,mb
2008,2,6,23.433,87.111,10,4.3,mb
2008,1,30,32.261,85.108,10,4.5,mb
2008,1,30,32.276,85.038,10,4,mb
2008,1,27,32.428,85.425,10,4.7,mb
2008,1,23,32.365,85.337,10,4.5,mb
2008,1,23,32.364,85.144,10,4.7,mb
2008,1,22,32.349,85.262,5.4,5.5,mwc
2008,1,22,32.168,85.143,10,4.7,mb
2008,1,20,32.437,85.462,10,4.7,mb
2008,1,19,32.198,85.092,20.5,4.2,mb
2008,1,18,32.274,85.353,10,4,mb
2008,1,17,32.343,85.418,10,4.9,mwc
2008,1,17,32.393,85.055,28.2,4.2,mb
2008,1,16,32.401,85.375,29.7,4,mb
2008,1,16,32.248,85.186,10,4.5,mb
2008,1,16,32.312,85.12,10,4,mb
2008,1,16,32.387,85.382,10,4.8,mb
2008,1,16,32.262,84.973,10,4.4,mb
2008,1,16,32.206,84.965,10,4.3,mb
2008,1,16,32.331,85.158,9,5.9,mwc
2008,1,14,32.312,85.146,10,4.9,mwc
2008,1,11,32.301,85.361,10,4.9,mb
2008,1,11,32.397,85.025,10,4.1,mb
2008,1,9,32.332,85.132,10,4.2,mb
2008,1,9,32.436,85.186,19.7,4.8,mb
2008,1,9,32.293,85.147,10,5,mb
2008,1,9,32.263,85.165,10,4.2,mb
2008,1,9,32.288,85.166,10,6.4,mwc
2007,11,20,34.314,86.554,36.8,4.2,mb
2007,11,13,30.084,83.267,35,4.2,mb
2007,11,5,28.2,84.453,2,4.3,mb
2007,10,29,27.945,85.38,16.1,4.7,mb
2007,10,18,29.833,82.065,35,4.2,mb
2007,9,18,25.241,91.13,40,4.3,mb
2007,9,4,34.181,81.833,43.9,4.1,mb
2007,9,1,27.853,87.873,73.1,4,mb
2007,8,31,23.063,90.611,42.5,4.5,mb
2007,8,26,30.033,89.214,15.1,4.8,mb
2007,8,15,31.284,85.346,71,4,mb
2007,8,13,34.09,81.706,10,4,mb
2007,8,11,27.344,87.737,35,5,mb
2007,8,9,31.343,80.155,10,4.5,mb
2007,8,9,34.494,81.718,47.7,4.4,mb
2007,8,6,34.377,82.008,53.6,4.8,mb
2007,8,3,27.196,86.932,64,4.3,mb
2007,8,1,29.213,82.196,10,4.5,mb
2007,7,26,34.832,82.734,58.8,4.3,mb
2007,7,22,30.881,78.239,19,5.1,mb
2007,7,21,34.084,81.969,10,4.9,mb
2007,7,20,30.208,89.426,10,4,mb
2007,7,16,34.292,81.811,35,4,mb
2007,7,16,34.251,81.776,35,4,mb
2007,7,14,31.765,88.628,51.1,4.6,mb
2007,7,12,34.572,80.728,10,4,mb
2007,7,11,32.73,88.992,38.6,4.5,mb
2007,6,5,34.252,81.845,43.1,4,mb
2007,5,31,32.963,90.738,57.4,4.7,mb
2007,5,26,34.043,81.927,10,4.7,mb
2007,5,20,27.334,88.236,42.8,4.9,mwc
2007,5,18,34.296,81.775,47.4,4.2,mb
2007,5,18,27.276,88.147,15.4,4.7,mb
2007,5,16,35.035,80.961,50.2,4.8,mb
2007,5,16,33.287,90.696,58.6,4.1,mb
2007,5,16,27.291,87.851,31.7,4,mb
2007,5,14,34.115,82.034,34,4.2,mb
2007,5,13,34.148,81.811,10,4.2,mb
2007,5,11,34.245,81.912,10,4.2,mb
2007,5,11,33.942,82.185,10,4.1,mb
2007,5,9,34.105,81.56,21.2,4.1,mb
2007,5,8,34.344,81.745,10,4.2,mb
2007,5,8,34.242,81.871,30.4,4.8,mb
2007,5,7,34.23,81.89,10,4.4,mb
2007,5,7,34.047,81.821,10,4,mb
2007,5,7,34.057,82.101,10,4.7,mb
2007,5,7,34.227,81.842,10,4.6,mb
2007,5,7,34.134,81.68,10,4.5,mb
2007,5,7,33.981,81.452,10,4.1,mb
2007,5,6,34.226,81.923,10,4.2,mb
2007,5,6,34.102,81.937,10,4.5,mb
2007,5,6,34.229,81.928,10,4.4,mb
2007,5,6,33.963,81.989,10,4.6,mb
2007,5,6,34.072,81.889,13.3,4.9,mb
2007,5,6,34.126,81.942,13.5,5,mb
2007,5,5,34.175,81.948,10,4.4,mb
2007,5,5,34.674,89.982,48.6,5,mwc
2007,5,5,34.179,81.841,10,4.7,mb
2007,5,5,34.34,81.939,10,4.4,mb
2007,5,5,34.251,82.042,10,4.7,mb
2007,5,5,34.234,81.858,10,4.8,mb
2007,5,5,34.248,81.967,9,6.1,mwc
2007,5,5,34.145,81.927,14.2,4.4,mb
2007,4,17,28.262,87.759,72.2,4.1,mb
2007,3,10,29.44,81.144,5.8,4.6,mb
2007,3,2,33.355,81.157,38.9,4.4,mb
2007,2,26,33.22,90.452,27,4,mb
2007,2,25,33.207,90.4,47.6,4.2,mb
2007,2,25,33.191,90.661,35,5.3,mwc
2007,2,21,31.373,77.752,36.6,4.1,mb
2007,2,15,29.567,81.451,18.7,4.5,mb
2007,2,13,34.319,86.164,10,4,mb
2007,2,6,27.913,87.622,58.9,4.3,mb
2007,2,3,34.191,86.538,21.4,4.2,mb
2007,2,3,32.098,78.582,35,4.7,mb
2007,1,24,25.686,89.86,19.6,4.1,mb
2007,1,20,31.038,82.73,10,4.6,mb
2007,1,20,31.062,82.813,0.8,4.4,mb
2006,12,31,28.216,88.232,35,4.1,mb
2006,10,27,29.875,80.035,10,4.2,mb
2006,10,27,29.854,80.545,38.8,4.1,mb
2006,10,22,30.601,83.584,10,4.3,mb
2006,10,13,34.659,80.203,10,4.4,mb
2006,9,26,29.76,80.521,6.6,4.7,mb
2006,9,19,29.49,81.569,27.7,4.7,mb
2006,8,30,29.052,83.602,10,4.5,ml
2006,8,13,34.825,80.252,55,4,mb
2006,8,5,23.662,89.885,10,4.2,mb
2006,8,5,29.887,80.098,10,4.5,mb
2006,8,2,34.774,80.41,15.1,4.6,mb
2006,7,20,30.171,83.675,10,4.3,mb
2006,7,20,31.642,78.038,35,4,mb
2006,7,17,26.744,89.432,10,4.1,mb
2006,6,19,25.529,90.676,40.9,4.2,mb
2006,5,29,30.186,84.212,10,4,mb
2006,5,25,32.815,85.574,35.7,4.3,mb
2006,5,24,32.818,85.407,31.8,4.3,mb
2006,5,5,29.504,80.998,17.6,5,mb
2006,4,27,31.674,90.541,41.1,4.4,mb
2006,4,19,31.607,90.413,33.1,5.7,mwc
2006,4,4,28.051,85.789,2.7,4.1,mb
2006,2,23,26.911,91.681,10,4.2,mb
2006,2,23,26.78,91.494,10,4.2,mb
2006,2,23,26.863,91.632,10,5.2,mb
2006,2,23,26.912,91.705,10,5.8,mwb
2006,2,21,29.252,81.301,26.3,4.4,mb
2006,2,15,33.721,81.263,47.3,4,mb
2006,2,15,33.64,81.383,49.2,4.9,mwc
2006,2,14,30.265,80.528,62.5,4.5,mb
2006,2,14,27.382,88.388,30,5.3,mwc
2006,2,12,23.889,91.634,50.1,4.2,mb
2006,2,10,33.531,81.239,32.6,4.1,mb
2006,2,6,31.307,90.406,44.9,4.5,mb
2006,2,3,27.245,86.383,14.3,4.7,mwc
2006,2,1,30.288,80.483,50.6,4.7,mwc
2006,2,1,33.864,91.163,10,4.8,mb
2006,1,30,30.168,80.225,40.8,4.1,mb
2006,1,22,34.681,80.234,10,4.3,mb
2006,1,20,31.44,85.01,37.3,4.6,mb
2006,1,18,34.344,88.118,10,4.5,mb
2006,1,18,34.526,87.773,10,4.9,mwc
2006,1,17,32.791,78.581,10,4.6,mb
2005,12,31,25.732,90.384,35,4.2,mb
2005,12,25,28.576,86.087,54.9,4,mb
2005,12,14,30.476,79.255,44,5.1,mwc
2005,12,12,29.278,82.021,35,4.7,mb
2005,12,10,29.172,82.344,10,4.6,ml
2005,11,29,34.748,80.073,35,4.5,mb
2005,11,6,29.731,81.868,49.5,5,mb
2005,10,31,28.39,84.863,10,4.7,mwc
2005,10,31,29.731,81.857,47.1,4.7,mwc
2005,10,30,33.888,88.748,50.2,4.6,mb
2005,10,29,29.525,81.577,48.5,4.6,mb
2005,10,29,33.896,88.881,9.4,4.8,mwc
2005,10,25,30.146,81.208,49.9,4.9,mb
2005,10,13,34.628,86.174,10,4.6,mb
2005,10,10,30.242,83.389,35,4.4,mb
2005,9,12,25.881,90.529,35,4.2,mb
2005,9,7,33.025,80.698,10,4,mb
2005,9,5,30.406,79.151,10,4.6,mb
2005,8,28,27.636,87.419,38.8,4.8,mb
2005,8,20,31.144,88.206,10,4.4,mb
2005,8,20,31.223,88.168,54,4.9,mwc
2005,8,16,30.924,78.56,42.6,4.4,mb
2005,8,10,33.781,82.148,19.6,4.4,mb
2005,7,26,23.273,91.406,38.1,4,mb
2005,7,23,33.672,82.229,33.1,4.4,mb
2005,6,25,33.871,80.81,10,4,mb
2005,6,17,30.598,83.529,10,4,mb
2005,6,14,27.205,87.92,44.4,4.6,mb
2005,6,5,30.427,83.488,6.2,4.1,mb
2005,6,4,33.354,87.818,10,4.1,mb
2005,5,30,31.568,88.18,10,4,mb
2005,5,29,30.246,83.475,20.6,4.3,mb
2005,5,22,30.319,83.822,63.2,4.3,mb
2005,5,22,34.346,89.458,10,4.3,mb
2005,5,11,30.6,85.172,37.5,4.6,mb
2005,5,8,30.097,90.261,97.7,4.6,mb
2005,5,3,25.764,91.059,33.6,4.3,mb
2005,4,24,34.492,91.284,10,4,mb
2005,4,10,30.356,83.699,55.8,4.6,mb
2005,4,9,30.434,83.381,10,4,mb
2005,4,9,30.494,83.599,10,4.4,mb
2005,4,8,30.406,83.439,10,4,mb
2005,4,8,30.527,83.67,10,5,mwc
2005,4,8,30.249,83.311,10,4,mb
2005,4,8,29.865,82.709,10,4.1,mb
2005,4,8,30.285,83.501,10,4.4,mb
2005,4,8,30.226,83.597,10,4.3,mb
2005,4,7,30.276,83.633,10,4.2,mb
2005,4,7,30.323,83.756,10,5.1,mb
2005,4,7,30.588,83.681,10,5.4,mwc
2005,4,7,30.198,83.399,10,4.2,mb
2005,4,7,30.491,83.662,11,6.3,mwc
2005,4,7,29.299,81.451,22.7,4.1,mb
2005,3,26,28.259,87.926,70.7,4.7,mwc
2005,3,19,28.126,84.282,10,4.4,mb
2005,3,11,27.336,90.486,52.6,4.4,mb
2005,3,6,30.616,83.761,49.5,4.6,mb
2005,2,27,25.371,91.553,24.9,4.2,mb
2005,2,8,27.76,86.072,14.6,4.1,mb
2005,2,8,27.738,86.092,10,4.9,mb
2005,2,8,27.82,86.033,14.4,4.2,mb
2005,1,17,34.273,80.005,38.6,4.4,mb
2005,1,16,29.646,80.696,10,4.8,mb
2005,1,15,29.439,80.965,10,4.6,mb
2005,1,8,34.525,91.295,52,4.2,mb
2004,12,5,34.366,86.244,30.8,4,mb
2004,12,5,30.481,81.24,10,4.2,mb
2004,12,2,30.607,83.373,40.7,4.2,mb
2004,11,24,27.329,90.944,10,4,mb
2004,11,10,27.929,87.778,45,4.2,mb
2004,10,30,30.576,83.504,10,4.2,mb
2004,10,27,30.897,81.22,10,4.4,mb
2004,10,26,31.034,81.228,10,4.8,mb
2004,10,26,31.024,81.154,10.1,5.6,mwc
2004,10,5,31.68,84.92,10,4.2,mb
2004,9,25,33.966,89.097,30.6,4,mb
2004,9,20,32.666,83.976,18.4,4.3,mb
2004,9,12,29.502,81.575,11.9,4.5,mb
2004,9,9,31.196,81.222,67.6,4.2,mb
2004,9,9,29.466,80.281,5.5,4.4,mb
2004,9,6,31.281,81.292,28.8,4.1,mb
2004,8,25,30.214,86.066,47.7,4.4,mb
2004,8,25,30.366,83.359,33.2,4.5,mb
2004,8,21,29.887,88.032,48.3,4,mb
2004,8,21,29.944,88.086,26.2,4.2,mb
2004,8,10,30.288,83.316,10,4,mb
2004,8,9,27.58,91.797,16.1,4.1,mb
2004,8,4,25.923,90.262,61.7,4.2,mb
2004,7,28,30.714,83.633,10,5,mwc
2004,7,23,30.175,88.118,11.2,4.8,mb
2004,7,22,35.04,81.069,31.7,4.3,mb
2004,7,20,27.938,85.793,13.1,4.1,mb
2004,7,16,28.232,83.944,16.6,4,mb
2004,7,12,30.561,83.569,10,4,mb
2004,7,12,30.746,83.773,10,4.6,mb
2004,7,11,30.714,83.639,10,4.9,mb
2004,7,11,30.82,83.673,10,4.5,mb
2004,7,11,30.694,83.672,13,6.2,mwb
2004,7,9,33.199,83.319,10,4,mb
2004,7,8,29.844,87.997,32.6,4.2,mb
2004,7,5,34.307,89.212,10,4.5,mb
2004,7,4,34.154,89.321,29.9,4.6,mb
2004,7,3,34.031,89.32,10,4.3,mb
2004,7,3,34.134,89.498,10,4.7,mb
2004,7,3,34.093,89.349,10,5.3,mwc
2004,7,1,29.878,87.915,35,4.2,mb
2004,6,30,29.848,87.871,25.1,4.3,mb
2004,6,26,30.038,88.052,56.8,4.2,mb
2004,6,24,29.868,87.905,20,4.3,mb
2004,6,21,34.564,82.965,45.8,4,mb
2004,6,17,34.302,89.363,10,4.4,mb
2004,6,5,29.86,89.698,8.7,4.3,mb
2004,6,3,34.174,89.15,10,4.4,mb
2004,5,31,34.049,89.38,10,4.2,mb
2004,5,31,34.04,89.225,10,4.5,mb
2004,5,30,34.382,89.275,10,4.6,mb
2004,5,29,28.512,82.702,25,4.1,mb
2004,5,27,34.084,83.323,10,4.6,mb
2004,5,27,26.301,89.521,10,4.5,mb
2004,5,23,34.08,89.32,3.9,4.9,mwc
2004,5,23,34.079,89.285,10,5.3,mwc
2004,5,23,34.018,89.284,10,4.9,mwc
2004,5,23,34.029,89.216,10,4.9,mwc
2004,5,21,30.623,85.116,15.9,4.2,mb
2004,5,10,34.249,89.323,10,4,mb
2004,4,22,33.998,89.218,12.7,5.2,mwc
2004,4,17,29.705,81.051,10,4.1,mb
2004,4,11,34.802,80.538,40.9,4.1,mb
2004,4,10,31.548,90.83,35.2,4.4,mb
2004,4,8,33.953,89.199,10,4.2,mb
2004,4,8,33.496,84.537,35,4.2,mb
2004,4,7,28.858,78.418,10,4.2,mb
2004,4,6,33.878,88.957,10,4.3,mb
2004,4,6,33.944,89.2,4.1,5.1,mwc
2004,4,3,29.846,81.118,76.5,4.6,mb
2004,4,1,34.197,89.19,10,4.3,mb
2004,4,1,34.24,89.259,10,4.5,mb
2004,4,1,34.095,89.318,10,4.6,mb
2004,3,30,34.077,89.274,10,4.1,mb
2004,3,30,33.916,89.057,22.9,4.5,mb
2004,3,29,33.984,89.019,10,4.1,mb
2004,3,29,33.973,89.18,12,4.7,mb
2004,3,28,33.957,89.265,11.9,5.1,mwc
2004,3,28,34.132,89.275,10,5.2,mwc
2004,3,28,34.138,89.253,8,4.4,mb
2004,3,28,33.946,89.135,10,4.6,mb
2004,3,27,33.93,89.226,10,4.3,mb
2004,3,27,33.931,89.292,21.4,5,mwc
2004,3,27,33.957,89.186,19.8,4,mb
2004,3,27,33.954,89.179,8,6,mwb
2004,3,27,34.006,89.235,10,5,mb
2004,3,27,33.962,89.235,10,5.4,mb
2004,3,11,30.467,82.631,27.9,4,mb
2004,3,7,31.639,91.236,11,5.6,mwc
2004,3,1,30.744,80.963,93.9,4,mb
2004,3,1,30.368,80.496,58.6,4.8,mb
2004,2,27,28.127,87.66,68.1,4.8,mb
2004,2,18,27.361,87.758,20.7,4.7,mb
2004,2,11,33.986,91.312,77.7,4,mb
2004,2,10,32.745,83.301,59,4.9,mwc
2004,1,14,32.726,88.488,44.5,4.1,mb
2004,1,6,30.539,86.042,46.2,4.6,mb
2004,1,3,27.739,85.931,17.1,4.9,mb
2003,12,23,31.397,89.478,33,4,mb
2003,12,15,31.527,78.151,33,4.4,mb
2003,12,15,31.622,78.203,33,4.5,mb
2003,12,10,30.469,83.278,33,4.5,mb
2003,12,6,25.596,90.25,26.7,4.4,mb
2003,11,23,28.297,83.773,32.3,4,mb
2003,11,22,28.202,83.767,33,4.3,mb
2003,11,22,28.277,83.767,30.9,4.3,mb
2003,11,15,30.24,83.103,33,4.2,mb
2003,11,14,30.495,86.08,33,4,mb
2003,10,20,23.316,86.448,33,4.3,mb
2003,9,29,27.358,87.738,33,4.6,mb
2003,9,7,34.077,90.03,33,4.5,mb
2003,9,3,30.583,80.432,33,4.8,mb
2003,8,26,34.1,89.961,33,4.3,mb
2003,8,20,30.169,82.219,33,4.6,mb
2003,8,16,32.959,90.744,60.1,4.2,mb
2003,8,3,34.457,87.16,33,4,mb
2003,7,28,28.698,82.045,33,4.2,mb
2003,7,7,34.542,89.315,10,4.8,mb
2003,7,7,34.606,89.475,17.7,5.8,mwc
2003,7,1,30.924,86.377,33,4.3,mb
2003,6,28,33.349,90.054,12.4,4.4,mb
2003,6,23,27.79,88.168,80.3,4.2,mb
2003,6,8,33.728,81.679,33,4.3,mb
2003,6,3,30.629,86.033,33,4.4,mb
2003,5,28,34.324,88.054,33,4.5,mb
2003,5,27,30.383,79.087,33,4.1,mb
2003,5,27,30.547,79.293,33,4.9,mb
2003,5,18,29.511,81.86,33,4.4,mb
2003,5,7,34.583,82.749,33,4.2,mb
2003,5,3,30.325,81.331,33,4.3,mb
2003,4,4,30.026,80.008,33,4.7,mb
2003,3,25,27.264,89.331,47.1,5.5,mwc
2003,3,21,29.748,80.566,33,4.2,mb
2003,3,17,34.305,86.768,33,4.7,mb
2003,3,5,31.519,78.62,18.9,4.7,mb
2003,2,26,29.906,87.893,33,4.2,mb
2003,2,26,28.347,86.449,33,4.6,mb
2003,1,18,28.622,81.95,33,4.3,mb
2003,1,16,32.615,89.948,51.8,4.8,mb
2003,1,16,29.8,88.006,12.2,5.1,mb
2002,12,30,30.717,86.272,51.3,4.2,mb
2002,12,27,29.662,87.725,33,4.2,mb
2002,12,16,29.725,87.822,33,4.2,mb
2002,11,29,29.676,90.395,10,4.9,mb
2002,11,16,29.694,90.407,10,4.3,mb
2002,11,16,29.768,90.48,10,4.6,mb
2002,11,16,29.768,90.523,10,4.7,mb
2002,11,16,29.667,90.409,10,4.6,mb
2002,11,13,30.744,84.145,33,4.1,mb
2002,11,10,34.306,80.828,33,4.8,mb
2002,11,5,31.014,86.576,41.3,4.8,mb
2002,11,4,28.855,82.208,33,4.2,mb
2002,10,29,28.007,87.423,33,4.1,mb
2002,10,14,24.692,91.772,33,4.9,mb
2002,10,11,29.919,88.009,33,4.4,mb
2002,10,11,31.229,88.229,60.9,4.7,mb
2002,10,9,34.147,80.816,33,4.3,mb
2002,9,27,29.784,87.885,33,4.4,mb
2002,9,9,33.01,85.074,33,4.4,mb
2002,9,4,31.23,77.76,33,4.1,mb
2002,8,31,29.871,87.878,33,5,mb
2002,8,22,29.818,88.087,38.5,4.5,mb
2002,8,16,30.059,87.887,33,4.1,mb
2002,8,6,29.912,87.87,33,4.6,mb
2002,8,1,29.895,87.948,33,4.4,mb
2002,7,16,27.774,87.468,33,4,mb
2002,7,10,34.103,80.61,33,4.4,mb
2002,7,9,29.889,87.995,33,4.7,mb
2002,6,21,34.267,80.768,33,4.7,mb
2002,6,20,25.842,88.932,39.8,4.5,mb
2002,6,16,29.845,87.853,12.8,4.3,mb
2002,6,9,30.501,81.457,33,4,mb
2002,6,9,33.329,81.405,33,4.2,mb
2002,6,6,30.457,81.251,33,4.7,mb
2002,6,5,30.392,81.264,33,4.4,mb
2002,6,4,30.425,81.398,33,4.4,mb
2002,6,4,30.323,81.243,33,4,mb
2002,6,4,30.473,81.447,33,4.6,mb
2002,6,4,30.595,81.44,33,5.6,mwc
2002,5,30,33.489,90.651,49.7,4.8,mb
2002,5,27,31.505,85.421,33,4.3,mb
2002,5,22,29.442,81.928,33,4.3,mb
2002,5,11,34.515,82.819,33,4.3,mb
2002,5,9,29.826,87.837,33.6,4.6,mb
2002,5,8,28.659,86.584,115.6,4,mb
2002,5,5,22.074,91.651,33,4.1,mb
2002,5,3,30.876,86.387,33,4.1,mb
2002,4,9,29.826,87.909,33,4,mb
2002,4,2,29.287,87.009,33,4.6,mb
2002,4,2,29.043,86.873,33,4.2,mb
2002,3,31,29.873,87.983,33,4.4,mb
2002,3,28,29.899,88.095,33,4.3,mb
2002,3,23,29.863,87.928,33,4.7,mb
2002,3,21,29.766,88.053,53.4,4.2,mb
2002,3,21,34.793,85.691,10,4.5,mb
2002,3,17,34.221,80.723,33,4.5,mb
2002,3,9,29.955,79.966,33,4.6,mb
2002,3,7,29.625,84.419,70,4.6,mb
2002,2,24,33.368,89.517,33,4.1,mb
2002,2,6,31.309,88.065,33,4.2,mb
2002,1,31,29.901,87.899,39.6,4.3,mb
2001,12,21,32.381,87.96,50.8,4.8,mb
2001,12,19,23.632,90.376,10,4.5,mb
2001,12,18,29.612,81.78,33,4.9,mb
2001,12,3,31.422,86.288,33,4,mb
2001,12,2,27.15,88.171,33,5.1,mb
2001,12,2,31.427,86.401,33,4.4,mb
2001,11,30,29.327,81.638,33,4.7,mb
2001,11,28,29.344,81.601,33,4.2,mb
2001,11,27,29.51,81.739,33,5.1,mb
2001,11,27,29.548,81.745,33,5.4,mwc
2001,11,27,29.39,81.631,33,4.8,mb
2001,11,27,29.606,81.752,33,5.5,mwc
2001,11,23,31.286,87.414,33,4.1,mb
2001,11,7,30.106,85.452,33,4.1,mb
2001,11,6,34.065,79.693,33,4.8,mb
2001,9,27,26.817,87.593,33,4.3,mb
2001,9,13,29.762,80.488,36,4.4,mb
2001,9,2,34.804,85.815,33,4.1,mb
2001,8,9,30.486,79.167,39.3,4.3,mb
2001,8,6,27.66,87.427,33,4.4,mb
2001,8,2,32.169,83.551,40.3,4.1,mb
2001,7,31,34.334,88.029,33,4.1,mb
2001,7,16,28.133,84,33,4.1,mb
2001,7,16,27.957,85.178,33,5,mb
2001,7,2,30.549,86.538,33,4.5,mb
2001,6,17,32.479,78.31,57.7,4.6,mb
2001,6,13,31.379,85.756,72.4,4.5,mb
2001,6,13,31.439,85.753,54.3,4.1,mb
2001,6,12,32.72,88.01,33,4.3,mb
2001,6,12,32.836,82.224,33,4.1,mb
2001,6,12,22.223,83.948,33,4.8,mb
2001,5,3,27.63,90.47,33,4.1,mb
2001,4,29,28.912,87.222,33,4.7,mb
2001,4,28,28.872,87.162,33,5.2,mb
2001,4,27,26.09,91.489,33,4.1,mb
2001,4,20,25.878,90.595,33,4.5,mb
2001,4,16,22.576,89.146,10,4.3,mb
2001,4,15,29.248,81.321,33,4.3,mb
2001,4,12,29.94,88.114,33,4.6,mb
2001,4,11,34.798,80.422,33,4.5,mb
2001,4,3,27.801,86.127,33,4.6,mb
2001,3,28,32.273,89.244,33,4.2,mb
2001,3,26,31.376,85.526,33,4.3,mb
2001,3,23,32.465,89.163,63,4.1,mb
2001,3,12,30.406,79.022,33,4.5,mb
2001,3,10,27.878,91.826,33,4.7,mb
2001,3,5,34.369,86.902,33,5.9,mwc
2001,2,27,26.486,90.616,20.2,4.9,mb
2001,2,23,30.998,78.066,21.2,4.5,mb
2001,2,21,32.551,85.108,33,4.6,mb
2001,2,9,34.054,79.626,33,4.2,mb
2000,11,22,34.528,82.524,33,4.3,mb
2000,11,19,33.916,90.849,33,4.4,mb
2000,11,9,25.376,91.426,37.5,4.2,mb
2000,11,8,33.885,90.714,33,4.7,mb
2000,10,26,29.211,81.875,33,4.8,mb
2000,10,16,23.28,80.3,33,4.7,mb
2000,10,12,32.572,78.17,33,4.7,mb
2000,10,10,23.08,82.728,33,4.5,mb
2000,10,9,29.332,81.479,33,4.1,mb
2000,10,8,30.193,88.115,33,4.7,mb
2000,9,26,30.998,78.13,33,4.5,mb
2000,9,17,26.275,91.496,33,4,mb
2000,8,31,32.001,78.407,36.5,4.7,mb
2000,7,12,31.508,83.506,33,4.8,mb
2000,7,9,34.223,79.996,33,4,mb
2000,7,7,34.101,79.776,33,4.7,mb
2000,7,5,34.214,79.719,33,4.5,mb
2000,7,5,33.974,79.758,33,4.7,mb
2000,7,5,34.198,79.769,33,4,mb
2000,7,5,34.171,79.85,33,4.6,mb
2000,7,4,32.101,78.442,33,4.1,mb
2000,7,3,31.471,84.714,33,4.5,mb
2000,6,17,32.024,78.437,33,4.8,mb
2000,6,17,32.86,79.214,33,4.4,mb
2000,6,3,31.185,87.188,33,4.5,mb
2000,5,29,30.759,86.984,33,4.4,mb
2000,5,29,30.944,87.111,33,4.1,mb
2000,5,28,34.732,85.604,33,4,mb
2000,5,14,28.135,91.682,33,4.7,mb
2000,5,5,29.398,81.573,81.3,4.4,mb
2000,4,28,31.601,78.305,33,4.6,mb
2000,3,13,27.656,87.852,33,4.3,mb
2000,2,26,28.494,82.145,33,4.6,mb
2000,2,21,28.442,86.578,33,4.1,mb
2000,2,12,33.879,90.88,33,4.2,mb
2000,2,12,33.886,91.009,33,4.3,mb
2000,2,12,33.997,90.847,33,5.1,mwc
2000,1,25,31.167,86.627,33,4,mb
2000,1,20,27.785,85.813,33,4.4,mb
2000,1,11,31.336,86.573,33,4,mb
2000,1,8,34.542,78.468,35.7,4.7,mb
1999,12,31,21.431,91.762,33,4.3,mb
1999,12,25,30.314,87.689,33,4.1,mb
1999,12,21,30.938,86.224,33,4,mb
1999,12,1,30.024,81.444,33,4.5,mb
1999,11,16,30.385,82.773,33,4.6,mb
1999,10,27,33.804,91.09,76.9,4.7,mb
1999,10,15,29.608,90.061,33,4.7,mb
1999,10,3,30.172,88.116,33,4.3,mb
1999,9,5,28.159,87.413,33,4.5,mb
1999,8,1,28.442,86.733,40.2,5.2,mb
1999,6,30,34.892,80.008,33,4.2,mb
1999,6,26,26.796,91.806,51.6,4.4,mb
1999,6,13,34.786,80.078,33,4.3,mb
1999,6,9,34.564,80.077,33,4.5,mb
1999,5,28,29.356,81.003,33,4.3,mb
1999,5,16,32.505,78.425,54.8,4.5,mb
1999,5,14,30.32,79.318,33,4.6,mb
1999,5,7,30.109,79.346,10,4.5,mb
1999,4,24,28.379,81.161,33,4.3,mb
1999,4,18,30.243,79.298,10,4.9,mb
1999,4,14,30.256,79.305,10,4.9,mb
1999,4,7,30.257,79.295,10,4.7,mb
1999,4,7,30.249,79.316,10,4.9,mb
1999,4,6,30.33,79.343,10,4.6,mb
1999,4,6,30.414,79.321,10,5.1,mb
1999,4,1,30.528,79.407,10,4.5,mb
1999,3,30,30.376,79.335,10,5.3,mb
1999,3,30,30.187,79.305,10,4.5,mb
1999,3,29,30.286,79.286,10,4.6,mb
1999,3,29,30.213,79.245,10,4.6,mb
1999,3,28,30.385,79.494,10,4.5,mb
1999,3,28,30.357,79.481,10,4.4,mb
1999,3,28,30.342,79.31,10,4.7,mb
1999,3,28,30.315,79.387,10,5.4,mb
1999,3,28,30.512,79.403,15,6.6,mwb
1999,3,19,27.748,85.609,33,4.5,mb
1999,3,16,28.517,78.229,33,4.2,mb
1999,3,13,30.272,90.37,33,4.4,mb
1999,2,25,30.657,78.878,33,4,mb
1999,2,1,28.492,83.188,33,4.2,mb
1998,12,25,30.328,86.472,33,4.4,mb
1998,12,14,31.459,90.9,71.7,4.1,mb
1998,12,1,27.935,87.649,33,4.8,mb
1998,11,26,27.753,87.894,73.1,5.1,mb
1998,11,19,30.42,79.163,33,4.5,mb
1998,11,14,31.081,86.514,33,4.2,mb
1998,10,24,30.405,88.155,45.9,4.1,mb
1998,10,13,33.063,88.481,33,4.6,mb
1998,10,11,32.954,88.21,33,4.4,mb
1998,10,11,32.889,88.189,33,4.5,mb
1998,10,6,32.918,88.468,33,4.5,mb
1998,10,5,30.203,88.298,33,5.2,mwc
1998,10,2,29.17,85.136,33,4.2,mb
1998,9,30,29.948,88.117,33,5.2,mwc
1998,9,21,29.94,88.005,33,4.1,mb
1998,9,12,27.852,86.9,33,4.2,mb
1998,9,10,27.199,88.341,33,4.7,mb
1998,9,8,30.344,88.141,33,4.4,mb
1998,9,7,30.27,88.129,33,4.7,mb
1998,9,6,27.859,86.895,33,4.6,mb
1998,9,4,27.777,86.793,33,4.2,mb
1998,9,4,27.455,86.464,33,4.1,mb
1998,9,3,27.6,86.733,33,4.6,mb
1998,9,3,27.729,86.88,33,4.1,mb
1998,9,3,27.65,86.802,33,4.4,mb
1998,9,3,27.85,86.941,33,5.6,mb
1998,8,30,30.034,88.081,33,4.6,mb
1998,8,30,29.904,87.989,33,4,mb
1998,8,30,30.044,88.077,33,5,ms
1998,8,28,30.191,88.15,33,5,mwc
1998,8,25,30.299,88.112,33,4.6,mb
1998,8,25,29.976,88.105,33,4.4,mb
1998,8,25,30.099,88.054,33,4.1,mb
1998,8,25,29.961,88.091,33,4.4,mb
1998,8,25,30.022,88.06,33,4.6,mb
1998,8,25,29.983,88.103,33,4.4,mb
1998,8,25,29.831,87.91,33,4.4,mb
1998,8,25,29.998,88.099,33,4.1,mb
1998,8,25,30.061,88.172,33,4.1,mb
1998,8,25,30.024,88.188,33,4.6,mb
1998,8,25,30.079,88.109,33,5.9,mwc
1998,8,18,27.555,90.977,22.3,5.2,mb
1998,8,7,30.213,88.162,33,4.3,mb
1998,7,31,28.01,87.73,33,4.1,mb
1998,7,24,34.958,87.573,33,4.4,mb
1998,7,21,30.435,87.955,33,4,mb
1998,7,21,30.375,88.192,15.7,5.1,mwc
1998,7,20,30.025,88.167,33,4,mb
1998,7,20,30.364,87.949,33,4.3,mb
1998,7,20,30.293,87.925,33,4.2,mb
1998,7,20,30.213,87.98,33,4,mb
1998,7,20,30.241,87.934,33,4.1,mb
1998,7,20,30.141,88.03,33,4.6,mb
1998,7,20,30.127,88.133,33,4.2,mb
1998,7,20,30.202,88.055,33,4.7,mb
1998,7,20,30.435,88.191,33,4.8,mb
1998,7,20,30.134,88.173,33.2,5.8,mwb
1998,7,15,29.576,81.466,33,4.7,mb
1998,7,8,27.325,91.027,33,5.2,mb
1998,6,27,27.675,85.568,33,4.9,mb
1998,6,6,30.372,89.221,33,4.8,mb
1998,6,6,30.379,89.286,33,4.8,mb
1998,5,16,26.644,84.667,33,4.2,mb
1998,5,10,29.408,82.016,33,4.1,mb
1998,5,1,30.04,79.537,41.9,4.4,mb
1998,3,18,27.368,88.334,33,4,mb
1998,3,15,28.554,86.886,33,4.4,mb
1998,3,9,22.487,78.016,10,4.3,mb
1998,2,28,27.024,87.561,33,4.4,mb
1998,2,26,34.701,83.493,33,4.4,mb
1998,2,22,30.215,88.047,33,4.6,mb
1998,2,22,30.117,88.156,33,4.1,mb
1998,2,22,28.453,85.435,33,4.8,mb
1998,2,12,26.517,88.199,33,4.6,mb
1998,2,4,34.885,82.433,33,4,mb
1998,2,1,28.19,87.122,33,4.5,mb
1998,1,16,30.006,86.027,33,4,mb
1998,1,14,34.914,86.573,33,4.4,mb
1998,1,13,35.011,86.526,17.9,5.1,mb
1998,1,6,26.045,91.839,33,4.5,mb
1997,12,8,27.475,87.175,33,5,mb
1997,12,3,35.044,86.802,33,4.7,mb
1997,11,30,34.895,87.626,33,4.5,mb
1997,11,27,27.74,87.761,33,4.2,mb
1997,11,27,27.618,87.347,33,5.1,mb
1997,11,24,34.936,85.827,33,4.4,mb
1997,11,19,31.925,82.923,33,4.2,mb
1997,11,19,34.874,86.877,33,4.8,mb
1997,11,15,34.208,85.608,33,4.1,mb
1997,11,13,35.066,86.948,33,4.6,mb
1997,11,9,33.678,88.281,33,5.3,mwc
1997,11,8,35.073,86.715,33,4.6,mb
1997,11,8,35.069,87.325,33,7.5,mwc
1997,11,3,29.078,85.383,33,5.5,mwc
1997,10,30,29.552,89.698,33,5.3,mb
1997,10,24,28.536,82.345,33,4.8,mb
1997,10,11,27.733,86.498,33,4.3,mb
1997,9,18,28.872,88.148,33,4.6,mb
1997,9,17,29.74,83.7,33,4.3,mb
1997,9,13,30.119,88.193,33,4.3,mb
1997,8,16,30.022,86.224,33,4.4,mb
1997,8,5,23.2,90.979,33,4.1,mb
1997,8,4,28.229,91.445,33,4.5,mb
1997,7,18,26.811,91.793,46.9,5,mb
1997,7,9,29.896,88.397,33,4.1,mb
1997,7,5,28.803,86.862,33,4.8,mb
1997,6,28,33.94,82.597,33,4.5,mb
1997,5,21,23.083,80.041,36,5.8,mwc
1997,5,15,34.435,89.88,33,4.6,mb
1997,5,15,34.257,89.833,33,5,mb
1997,5,2,29.434,80.426,33,4.6,mb
1997,4,14,34.226,89.643,33,4.6,mb
1997,4,7,27.427,86.545,33,4.4,mb
1997,4,5,30.093,86.059,33,4.5,mb
1997,3,24,27.887,84.987,33,4.5,mb
1997,3,22,29.895,88.151,33,4.4,mb
1997,3,21,32.932,84.612,33,5.4,mwc
1997,3,5,30.747,90.273,33,4.7,mb
1997,3,4,34.784,86.563,33,4.5,mb
1997,3,3,27.244,86.082,44.8,4.7,mb
1997,1,31,27.946,85.127,22.2,5.2,mb
1997,1,31,27.998,85.218,10,4.4,mb
1997,1,28,35.051,87.454,33,4.7,mb
1997,1,25,30.074,88.087,33,4.4,mb
1997,1,20,34.528,85.664,33,4.7,mb
1997,1,16,31.518,85.05,33,4.5,mb
1997,1,5,29.845,80.532,33,5.6,mwc
1996,12,30,27.435,86.638,33,5,mb
1996,12,29,29.528,81.671,33,4,mb
1996,11,19,34.2,87.661,33,4.7,mb
1996,11,12,33.866,90.221,33,4.3,mb
1996,11,8,29.345,81.637,33,5,mb
1996,11,4,29.244,81.775,76.7,4.6,mb
1996,10,14,29.944,88.166,33,4.4,mb
1996,10,4,34.303,91.04,33,4,mb
1996,10,3,28.209,87.489,33,4.5,mb
1996,9,25,27.433,88.552,33,5,mb
1996,9,25,30.44,78.584,33,4.6,mb
1996,9,24,23.342,88.586,36.4,4.6,mb
1996,9,14,30.748,78.307,33,4.8,mb
1996,9,13,27.033,88.234,33,4.5,mb
1996,8,29,30.089,88.18,33,4.7,mb
1996,8,25,30.139,87.736,33,4.5,mb
1996,8,18,25.875,90.156,17.8,4.4,mb
1996,8,3,30.076,88.255,33,4.1,mb
1996,8,2,34.554,83.504,33,4.3,mb
1996,7,31,30.111,88.143,33,5.1,mb
1996,7,31,30.174,88.178,33,5.5,mwc
1996,7,24,31.322,87.608,33,4.2,mb
1996,7,23,32.073,88.319,33,4,mb
1996,7,23,31.368,87.788,33,4.1,mb
1996,7,22,30.017,88.02,33,4.5,mb
1996,7,18,30.093,88.173,33,4.6,mb
1996,7,17,31.391,78.551,33,4.6,mb
1996,7,13,30.11,88.215,33,4.1,mb
1996,7,13,29.988,88.059,33,4.3,mb
1996,7,12,30.066,88.103,33,4.2,mb
1996,7,12,30.384,88.456,33,4.2,mb
1996,7,12,30.06,87.887,33,4.3,mb
1996,7,10,29.148,81.674,33,4,mb
1996,7,8,30.298,88.24,33,4.1,mb
1996,7,8,30.385,88.207,33,4,mb
1996,7,8,30.05,88.155,33,4.5,mb
1996,7,5,30.06,88.08,33,4.2,mb
1996,7,4,30.009,88.077,33,4.9,mb
1996,7,4,30.069,88.219,33,4.3,mb
1996,7,3,29.955,88.061,33,4.2,mb
1996,7,3,29.873,87.846,33,4.1,mb
1996,7,3,30.017,88.214,33,4.3,mb
1996,7,3,29.923,88.187,33,5,mwc
1996,7,3,29.993,87.944,33,4,mb
1996,7,3,30.468,88.187,33,4.1,mb
1996,7,3,29.862,88.113,33,4.1,mb
1996,7,3,30.147,88.189,33,5.7,mwb
1996,6,18,30.525,79.266,33,4,mb
1996,6,18,30.123,86.706,33,4,mb
1996,5,17,30.164,88.188,33,4.3,mb
1996,5,17,30.058,88.143,33,4.6,mb
1996,5,17,30.221,88.21,33,4.3,mb
1996,5,14,29.682,87.935,33,4.1,mb
1996,5,11,29.965,88.087,33,4.3,mb
1996,5,11,30.156,88.111,33,4.3,mb
1996,5,11,29.984,88.077,33,4.8,mb
1996,5,10,30.133,88.314,33,4,mb
1996,5,10,30.117,88.248,33,4.1,mb
1996,5,10,30.001,88.069,33,4.8,mb
1996,5,10,30.01,88.072,33,4.5,mb
1996,4,26,27.825,87.821,33,5,mb
1996,3,26,30.651,79.102,47.4,4.8,mb
1996,3,23,27.167,88.302,33,4,mb
1996,3,21,30.187,87.933,33,4,mb
1996,3,20,30.104,88.469,33,4,mb
1996,3,12,30.014,88.151,11.9,4.9,mb
1996,2,26,30.283,84.1,33,4.1,mb
1996,2,22,28.008,87.23,33,4.1,ml
1996,2,18,29.952,83.968,33,4.2,mb
1996,2,17,34.667,80.739,33,4,mb
1996,2,17,26.138,90.687,50,4.3,mb
1996,2,12,22.616,82.893,33,4.3,ml
1996,2,12,28.458,88.282,33,4.2,mb
1996,2,7,29.596,80.49,50.3,4.2,mb
1996,1,27,28.106,84.352,10,4.3,ml
1996,1,26,30.905,91.523,33,5.1,mb
1996,1,25,28.696,87.223,33,4.4,mb
1996,1,23,30.483,79.413,33,4.3,mb
1996,1,19,28.991,86.575,33,4.1,ml
1996,1,18,24.093,82.624,33,4.2,ml
1996,1,11,32.183,83.937,33,4.1,mb
1996,1,3,25.468,89.252,33,4.7,mb
1995,12,27,30.232,88.265,33,4.4,mb
1995,12,25,31.152,89.379,33,4.2,mb
1995,12,24,27.527,86.265,33,4.2,mb
1995,12,11,28.707,88.14,33,4.1,mb
1995,12,10,34.761,80.127,33,4.1,mb
1995,12,6,24.735,91.563,39.4,4.1,mb
1995,12,1,24.206,91.815,20,4,mb
1995,11,29,34.07,80.65,33,4,mb
1995,11,27,30.693,79.232,37.5,4.6,mb
1995,11,26,31.999,78.534,30.4,4.2,mb
1995,11,26,31.106,86.724,33,4.5,ms
1995,11,25,31.105,86.8,33,4.7,mb
1995,10,27,28.734,83.52,33,4.3,mb
1995,10,21,31.432,78.963,33,4.9,mb
1995,10,5,30.163,88.233,57.8,4.8,mb
1995,10,4,28.253,84.328,33,4.4,mb
1995,9,30,30.243,86.056,33,4,mb
1995,9,29,26.769,91.601,33,4.4,mb
1995,9,5,31.214,77.863,45.7,4.2,mb
1995,8,8,30.09,81.746,33,4.2,mb
1995,8,8,26.223,90.202,28.1,4.4,mb
1995,8,7,29.862,81.536,30.1,4.1,mb
1995,8,3,29.968,81.538,26.5,4.7,ms
1995,7,30,30.266,88.229,45,4.8,mb
1995,7,28,30.733,86.414,69.8,4.3,mb
1995,6,28,31.128,86.834,33,4.5,mb
1995,6,21,21.78,85.327,33,4.7,mb
1995,4,24,30.002,88.181,38.8,4.1,mb
1995,4,24,29.889,88.253,33,4.6,mb
1995,4,18,30.288,88.085,33,4.2,mb
1995,4,17,29.694,81.448,22.6,4.7,mb
1995,4,17,29.691,81.52,18.8,4.8,mb
1995,4,14,30.049,88.07,33,4.2,mb
1995,3,29,28.772,84.203,33,4.7,mb
1995,3,27,21.671,84.565,10,4.6,mb
1995,3,26,30.964,90.614,33,4.3,mb
1995,3,24,28.859,87.767,33,4.5,mb
1995,3,21,30.68,90.249,33,4.7,mb
1995,3,16,29.94,87.954,16.7,4.4,mb
1995,3,16,30.203,88.048,33,4.2,mb
1995,3,11,30.089,88.285,10,4.2,mb
1995,2,4,31.105,81.714,33,4.2,mb
1995,2,2,30.045,87.841,10,4.4,mb
1995,1,30,28.349,82.457,80.6,4,mb
1995,1,30,29.286,82.217,51.8,4.1,mb
1995,1,27,28.977,81.475,33,4.2,mb
1995,1,19,28.464,83.316,10,4.3,mb
1995,1,1,27.773,87.587,61.1,4.9,mb
1994,12,30,30.348,88.26,33,4.3,mb
1994,12,12,29.508,80.712,33,4.5,mb
1994,12,8,30.439,79.686,67.9,4.9,mb
1994,10,29,35.059,88.198,33,4.4,mb
1994,9,28,23.337,88.547,33,4.6,mb
1994,9,28,25.63,90.647,10,4,mb
1994,9,25,28.159,87.254,33,4,mb
1994,8,31,25.851,78.566,33,4.7,mb
1994,8,25,33.154,88.125,33,5.2,mb
1994,8,24,34.245,91.814,33,5.5,mb
1994,8,14,34.927,89.205,33,5.2,mw
1994,8,4,30.332,86.843,33,4,mb
1994,8,1,31.721,80.129,33,4.5,mb
1994,7,31,31.682,80.266,35.1,4.8,mb
1994,7,23,31.068,86.549,15.9,5.4,mw
1994,7,17,29.149,81.371,29.2,5,mb
1994,6,25,27.603,85.891,33,4.3,mb
1994,5,25,27.65,87.792,47.9,4.6,mb
1994,5,10,29.234,83.936,33,4.4,mb
1994,4,27,33.24,90.476,33,4.4,mb
1994,4,15,25.927,90.488,33,4.2,mb
1994,3,29,30.612,79.502,33,4.1,mb
1994,3,24,26.371,91.27,33,4.3,mb
1994,1,31,29.552,81.79,35.2,4.7,mb
1993,12,14,28.489,86.844,33,4.6,mb
1993,12,12,32.39,87.221,33,4.8,mb
1993,11,22,28.2,82.863,33,4.4,mb
1993,11,14,30.658,80.356,33,4.4,mb
1993,10,20,28.723,82.28,37.4,5.1,mb
1993,10,20,28.776,82.256,33,5,mb
1993,9,30,33.773,88.672,33,4.6,mb
1993,9,25,32.122,80.635,33,4.5,mb
1993,9,16,31.256,83.937,33,4.4,mb
1993,9,13,31.033,83.676,15.8,4.7,mb
1993,9,12,31.239,83.599,33,4.4,mb
1993,9,5,27.293,87.31,33,4.5,mb
1993,8,19,30.085,80.037,33,4.4,mb
1993,8,16,30.955,78.955,33,4,mb
1993,7,17,31.801,81.731,33,4.5,mb
1993,7,14,32.329,82.611,33,4.4,mb
1993,7,9,26.81,86.059,33,4.6,mb
1993,7,6,31.952,82.22,33,4.8,mb
1993,7,5,27.939,85.118,33,4.7,mb
1993,7,5,27.864,84.978,33,4.2,mb
1993,7,3,28.357,86.63,33,4.7,mb
1993,5,16,23.101,86.982,33,4.6,mb
1993,4,26,34.538,80.506,33,4.5,mb
1993,4,21,34.77,84.763,33,4.5,mb
1993,4,12,28.314,82.799,33,4.7,mb
1993,4,9,32.484,89.488,10,4.7,mb
1993,3,31,29.091,87.349,20.1,5.1,mb
1993,3,25,29.625,80.551,33,4.6,mb
1993,3,24,33.023,82.322,33,4.6,mb
1993,3,20,28.994,87.383,21.1,5.2,mw
1993,3,20,29.084,87.333,12.2,6.2,mw
1993,3,3,25.419,90.23,33,4.5,mb
1993,2,20,32.38,90.11,27.6,4.6,mb
1993,2,16,30.944,90.042,33,4.5,mb
1993,2,15,25.85,87.473,29.7,5,mb
1993,2,15,30.851,90.388,33,4.6,mb
1993,2,10,34.531,80.789,10,4.5,mb
1993,1,18,31.164,89.811,33,4,mb
1993,1,18,30.865,90.45,33,4.5,mb
1993,1,18,30.817,90.439,33,4.2,mb
1993,1,18,30.837,90.373,33,5.9,mw
1993,1,12,31.169,80.309,33,4.8,mb
1993,1,12,34.435,80.544,33,4.7,mb
1993,1,2,29.145,81.119,14.7,4.9,mb
1992,12,22,34.568,88.053,33,5.2,mw
1992,12,12,25.473,91.414,40.7,5,mb
1992,12,8,34.832,80.184,33,4.2,mb
1992,11,28,31.82,82.63,33,4.7,mb
1992,11,26,31.764,83.797,33,4.6,mb
1992,11,6,34.584,79.921,12.2,4.6,mb
1992,9,16,34.211,79.326,33,4.4,mb
1992,9,7,34.651,80.234,14.9,4.8,mb
1992,9,3,34.66,80.122,33,5.2,ms
1992,9,1,34.717,81.318,10,4.6,mb
1992,8,26,34.647,79.977,33,4,mb
1992,8,24,34.708,80.252,48.9,4.5,mb
1992,8,24,34.68,80.237,61.6,4.9,mb
1992,8,23,34.522,79.989,33,4.6,mb
1992,8,21,34.699,80.113,33,4.7,mb
1992,8,9,28.697,86.533,37.4,4.3,mb
1992,8,9,30.931,78.487,33,4,mb
1992,8,8,29.871,90.271,33,4.3,mb
1992,8,4,29.893,90.362,10,4.2,mb
1992,7,30,29.757,90.166,33,4.3,mb
1992,7,30,30.001,90.362,33,4.5,mb
1992,7,30,29.769,90.308,33,4.4,mb
1992,7,30,29.899,90.272,33,4.2,mb
1992,7,30,29.584,90.163,14.1,6.1,mwb
1992,7,24,29.288,90.198,33,4.8,mb
1992,6,21,30.428,89.394,27.8,4.2,mb
1992,6,13,28.945,82.927,32.9,4.9,ms
1992,6,12,30.125,78.885,33,4.8,mb
1992,6,3,33.905,88.893,10,4.6,mb
1992,6,2,28.984,81.913,56.3,5.2,mb
1992,5,18,34.858,86.331,33,4.1,mb
1992,5,9,34.503,84.774,10,4.6,mb
1992,5,3,23.902,91.117,33,4.2,mb
1992,4,22,30.968,78.242,33,4.5,mb
1992,4,20,25.842,90.569,54.7,4.2,mb
1992,4,13,31.958,88.339,33,4.6,mb
1992,4,4,28.147,87.979,33,4.9,mb
1992,4,1,31.964,83.754,51.7,4.1,mb
1992,4,1,27.392,87.065,33,4.3,mb
1992,3,24,31.545,81.54,15.6,4.8,mb
1992,3,16,34.343,86.288,33,4.7,mb
1992,3,14,30.664,78.829,30.3,4.8,mb
1992,3,7,29.442,89.37,112.6,4.3,mb
1992,3,2,30.542,78.538,33,4,mb
1992,2,5,34.224,78.729,33,4.3,mb
1992,1,30,29.291,81.128,33,4.6,mb
1992,1,2,33.99,88.859,33,4.8,mb
1991,12,23,33.966,88.942,33,5,mb
1991,12,23,33.917,88.863,33,5.2,mb
1991,12,21,27.904,88.139,57.1,4.9,mb
1991,12,17,33.99,88.904,33,4.6,mb
1991,12,14,33.976,88.84,33,5.1,mb
1991,12,12,34.511,79.653,57.4,4.5,mb
1991,12,9,29.543,81.632,29.4,5.6,mb
1991,11,26,33.919,88.746,33,4.1,mb
1991,11,25,34.017,88.832,33,4.4,mb
1991,11,24,33.98,88.646,33,4.7,mb
1991,11,21,33.714,90.337,33,4.3,mb
1991,10,27,30.434,78.549,33,4.2,mb
1991,10,21,30.777,78.8,33,4,mb
1991,10,20,30.847,78.777,33,4.2,mb
1991,10,20,30.79,78.686,26.5,4.9,mb
1991,10,20,30.899,78.832,33,4.5,mb
1991,10,20,30.945,78.922,33,4.3,mb
1991,10,19,30.747,78.723,17,4.8,mb
1991,10,19,30.78,78.774,10.3,6.8,mwb
1991,10,15,30.565,79.311,33,4.5,mb
1991,9,2,24.608,90.837,33,4.7,mb
1991,8,22,25.03,91.33,33,4.7,mb
1991,8,20,30.63,79.767,33,4.2,mb
1991,8,16,30.861,78.651,33,4.2,mb
1991,8,7,25.099,88.791,33,5,mb
1991,7,2,32.11,85.101,16.5,4.7,mb
1991,6,15,31.175,86.582,33,4.4,mb
1991,6,10,29.266,80.281,58.1,4.6,mb
1991,6,1,28.743,81.714,33,4.3,mb
1991,5,27,29.349,80.304,52.6,4.6,mb
1991,5,26,29.34,80.332,64.9,4.5,mb
1991,5,23,31.411,86.755,33,4.3,ms
1991,5,20,30.985,86.774,33,4.6,mb
1991,5,18,31.675,80.092,42.6,4.5,mb
1991,5,18,31.654,80.092,24,4.6,mb
1991,4,22,30.08,79.72,33,4.6,mb
1991,4,13,24.44,91.345,33,4,mb
1991,3,23,34.325,79.73,33,4.5,mb
1991,3,23,31.622,90.636,33,4.1,mb
1991,3,21,32.814,86.804,33,4.6,mb
1991,3,19,32.653,88.987,33,4.4,mb
1991,3,18,34.353,86.2,33,4,mb
1991,3,15,28.317,87.683,42.6,4.6,mb
1991,2,26,32.811,86.277,33,4.3,mb
1991,2,26,34.536,91.614,33,4.7,mb
1991,2,25,34.695,79.059,33,4.6,mb
1991,2,12,30.614,79.288,33,4.1,mb
1991,2,2,25.541,91.293,33,4.9,mb
1990,12,20,28.138,82.944,66.8,4.8,mb
1990,12,18,30.336,79.117,18.7,4.9,mb
1990,11,9,30.921,86.327,10,4.9,mb
1990,11,9,30.733,86.289,10,4.9,mb
1990,11,9,30.632,86.233,10,4.7,mb
1990,10,28,30.682,81.555,33,4.5,mb
1990,10,14,28.762,81.951,143.2,4.3,mb
1990,10,14,30.823,86.385,12,4.9,mb
1990,10,3,31.096,78.557,33,4.4,mb
1990,9,30,31.21,90.242,33,4,mb
1990,9,21,29.741,79.791,33,5.1,mb
1990,9,15,30.448,85.46,33,4.3,mb
1990,8,5,34.76,80.213,33,4.3,mb
1990,7,28,33.726,86.941,33,4.6,mb
1990,7,11,32.844,84.762,63.9,4.4,mb
1990,5,20,28.26,83.193,62.1,4.5,mb
1990,5,20,28.458,83.343,33,4.8,mb
1990,5,19,33.746,89.755,33,4.1,mb
1990,5,13,31.806,87.896,33,4.3,mb
1990,5,11,33.414,81.125,33,4,mb
1990,5,6,29.88,90.073,33,4.5,mb
1990,4,20,32.771,85.887,33,4.3,mb
1990,3,4,34.616,79.849,33,4.7,mb
1990,3,1,28.503,88.599,33,4.3,mb
1990,2,27,31.357,86.87,33,4.1,mb
1990,2,23,29.321,90.114,10,4.3,mb
1990,2,22,29.216,90.092,26,5,mb
1990,2,21,28.082,82.43,33,4.8,mb
1990,2,18,29.078,90.031,10,4.5,mb
1990,2,9,29.925,80.73,33,4.6,mb
1990,1,30,28.599,85.714,52.4,4.5,mb
1990,1,10,26.559,86.663,68.5,4.7,mb
1990,1,9,28.225,88.163,79.1,5.5,mb
1989,10,10,28.653,87.481,75.7,4.6,mb
1989,7,14,31.184,84.685,33,4.3,mb
1989,6,12,21.861,89.763,5.8,5.8,mw
1989,6,11,26.419,90.763,33,4.6,mb
1989,5,22,27.243,87.886,33.8,5,mb
1989,4,29,25.246,91.604,33,4.3,mb
1989,4,27,33.585,80.645,33,4.7,mb
1989,4,24,33.916,87.896,33,4.4,mb
1989,4,19,30.133,90.046,33,4.5,mb
1989,4,9,29.177,90.077,10,5.2,mw
1989,3,8,28.001,84.028,33,4.5,mb
1989,3,3,34.633,83.884,10,4,mb
1989,3,1,28.191,83.954,33,4.2,mb
1989,2,4,30.178,90.122,10,4.2,mb
1989,2,3,30.263,90.003,10,4.2,mb
1989,2,3,30.231,89.958,10,5.4,mw
1988,12,27,27.887,87.773,64.6,4.6,mb
1988,12,26,30.611,77.981,33,4.2,mb
1988,12,20,27.624,91.154,33.5,5,mb
1988,12,15,29.118,81.636,112,4.5,mb
1988,12,13,27.139,87.808,33,4,mb
1988,12,7,31.694,83.504,33,4.8,mb
1988,12,2,29.554,81.164,33,4.5,mb
1988,11,14,30.161,82.137,101.2,4.5,mb
1988,11,4,34.711,80.747,33,4.8,mb
1988,10,29,27.871,85.648,17.6,5.2,mw
1988,10,24,31.684,85.214,33,4.3,mb
1988,9,27,27.175,88.293,33,5,ms
1988,9,26,32.736,80.05,33,4.4,mb
1988,9,23,32.595,79.785,33,4.7,ms
1988,9,21,28.715,85.568,53.8,4.7,mb
1988,9,4,26.285,91.769,33,4,mb
1988,9,2,26.616,86.518,33,4.4,mb
1988,9,1,26.766,86.564,33,4.6,mb
1988,8,24,26.746,86.549,33,4.7,mb
1988,8,22,26.662,86.916,33,4.3,mb
1988,8,20,26.755,86.616,57.4,6.9,mw
1988,8,7,33.346,89.583,33,4.6,mb
1988,7,27,31.605,78.627,33,4.4,mb
1988,7,25,34.594,79.634,56.9,4.2,mb
1988,7,5,28.137,91.252,60.9,4.9,mb
1988,6,30,33.433,89.49,35.6,4.6,mb
1988,6,12,28.477,82.354,33,4.8,mb
1988,6,9,30.654,79.216,25.2,4.8,mb
1988,5,30,33.435,88.462,53.1,4.9,mb
1988,5,26,27.415,88.558,43.4,4.7,mb
1988,5,15,29.862,80.479,25.7,4.8,mb
1988,4,30,25.913,91.574,33,4.2,mb
1988,4,25,26.817,86.625,66.8,4.8,mb
1988,4,20,27.042,86.694,54.8,5.4,mb
1988,4,12,34.634,79.555,46.5,4.5,mb
1988,4,11,27.516,85.86,38.5,4.9,mb
1988,4,9,29.779,86.909,33,4.5,mb
1988,3,19,29.147,81.62,89.6,4.3,mb
1988,3,13,28.903,81.359,90.3,4.3,mb
1988,3,6,34.452,87.472,33,4.4,mb
1988,2,28,24.7,91.571,28.9,4.6,mb
1988,2,17,24.522,91.432,39.3,4.5,mb
1988,2,12,30.515,82.887,33,4.6,mb
1988,2,6,24.688,91.57,33,5.9,mw
1988,2,5,34.739,80.53,33,4.3,mb
1988,1,23,29.476,81.612,33,4.7,mb
1988,1,10,29.868,90.482,10,4.8,mb
1988,1,10,29.714,90.39,33,4.4,mb
1987,12,12,29.783,90.365,33,4.8,mb
1987,12,11,26.025,90.94,54.6,4.6,mb
1987,11,25,27.95,85.879,33,4.6,mb
1987,11,3,33.115,86.961,33,5,mb
1987,11,1,29.688,90.003,33,4.3,mb
1987,10,6,29.856,90.484,10,5,mb
1987,9,29,29.819,90.435,33,4.5,mb
1987,9,29,29.853,90.437,33,4.7,mb
1987,9,27,34.163,80.749,33,4.9,mb
1987,9,26,29.824,90.452,33,4.4,mb
1987,9,25,29.866,90.44,33,5,mw
1987,8,29,34.584,79.888,33,4.6,mb
1987,8,21,31.723,80.183,54.8,4.7,mb
1987,8,9,29.502,83.714,47.5,5.6,mw
1987,7,23,29.909,80.879,33,4,mb
1987,7,18,31.144,78.049,54.1,4.7,mb
1987,6,22,28.61,87.223,33,4.1,mb
1987,6,6,30.47,79.202,44.4,4.9,mb
1987,6,6,30.555,79.267,33,4.7,mb
1987,5,10,28.22,86.739,33,4.6,mb
1987,4,23,27.991,87.102,47.6,4.7,mb
1987,4,18,34.486,80.281,33,4.7,ms
1987,4,18,22.346,79.259,33,4.9,mb
1987,2,24,29.052,81.854,111.5,4.4,mb
1987,2,8,34.598,81.19,33,4.5,mb
1987,1,24,33.688,86.349,33,4.5,mb
1987,1,19,28.243,83.572,33,4.9,mb
1987,1,19,28.385,83.682,33,5.2,mb
1987,1,10,34.558,80.333,33,4.6,mb
1986,9,27,34.491,91.753,33,4.3,ms
1986,9,16,30.993,86.607,33,4.5,mb
1986,9,16,31.172,86.673,33,4.4,mb
1986,9,11,32.662,78.559,33,4.8,mb
1986,9,9,31.587,85.04,33,4.8,mb
1986,9,9,31.546,85.067,33,5.2,mb
1986,9,9,31.621,85.026,33,4.8,mb
1986,9,5,29.147,85.142,33,4.1,mb
1986,8,30,33.479,82.135,33,4.1,mb
1986,8,30,34.5,88.204,33,4.2,mb
1986,8,22,34.595,91.79,10,4.7,mb
1986,8,20,34.424,91.742,33,4.8,mb
1986,8,20,34.572,91.633,33,6.4,mw
1986,8,7,34.662,80.254,33,4.8,mb
1986,8,7,34.615,80.29,33,4.8,mb
1986,7,28,33.545,87.86,33,4.8,mb
1986,7,27,34.58,80.156,33,4.7,mb
1986,7,19,31.26,86.91,33,5.1,mw
1986,7,19,34.126,79.659,33,4.6,mb
1986,7,16,31.049,77.997,33,5.5,mw
1986,7,6,34.458,80.108,33,4.8,mb
1986,7,6,34.488,80.032,33,4.5,mb
1986,7,6,34.665,79.725,33,4.3,mb
1986,7,6,34.424,80.161,9.1,6,mw
1986,6,30,34.524,87.776,33,4.4,mb
1986,6,29,31.255,86.75,33,4.5,mb
1986,6,25,31.146,86.778,33,4.7,mb
1986,6,23,31.23,87.014,33,4.8,mb
1986,6,20,31.24,86.847,33,6.1,mw
1986,5,23,31.629,91.21,33,4.9,mb
1986,5,22,31.644,91.075,33,4.8,mb
1986,4,29,31.4,88.331,33,4.6,mb
1986,4,13,32.539,85.287,53.1,4.9,mb
1986,4,12,28.781,86.48,33,4.4,mb
1986,4,4,30.858,88.256,33,4.5,mb
1986,3,28,30.801,79.166,33,4.2,mb
1986,3,23,34.215,88.916,33,4.8,mb
1986,3,5,34.771,88.272,33,4.4,mb
1986,3,2,32.523,89.327,33,4.9,mb
1986,3,1,34.682,82.968,33,5,mb
1986,2,28,29.108,81.909,63.1,4.6,mb
1986,2,19,25.136,91.184,17.5,5.3,mw
1986,2,12,34.67,82.938,33,5,mb
1986,1,25,31.575,85.139,33,4.7,mb
1986,1,10,28.648,86.527,54.6,5.2,mw
1986,1,7,26.93,88.325,69.6,5,mb
1986,1,6,27.8,85.392,33.6,4.5,mb
1985,12,25,32.128,89.713,33,4.9,mb
1985,12,23,27.61,85.722,45.3,4.6,mb
1985,12,15,30.831,86.394,33,4.5,mb
1985,12,8,30.893,86.535,33,4.9,mb
1985,12,8,30.751,86.621,33,4.9,mb
1985,12,8,30.922,86.598,37.4,4.8,mb
1985,11,3,23.585,91.505,32.9,4.9,mb
1985,10,30,31.593,82.948,33,4.6,mb
1985,10,21,28.845,83.974,33,4.5,mb
1985,10,3,29.219,83.895,14.3,4.1,mb
1985,10,3,32.876,85.634,33,4.3,mb
1985,10,2,27.082,89.745,45.9,4.4,mb
1985,9,13,29.824,84.052,33,4.5,mb
1985,7,28,30.364,88.804,33,4.5,mb
1985,7,12,31.367,82.234,33,4.4,mb
1985,7,12,31.679,82.37,33,4.7,mb
1985,6,30,34.006,83.559,33,4.5,mb
1985,6,27,34.498,90.026,33,4.7,mb
1985,6,21,31.921,85.085,33,4.3,mb
1985,6,18,34.299,83.874,33,4.8,mb
1985,6,17,25.591,90.229,22.3,4.7,mb
1985,6,17,31.644,82.305,33,4.6,mb
1985,6,17,34.599,82.831,33,4.8,mb
1985,6,15,34.717,83.269,33,4.3,mb
1985,6,15,34.62,82.992,43.2,5.3,mw
1985,5,6,28.328,82.305,46.6,4.5,mb
1985,4,6,28.335,91.802,33,4.4,mb
1985,2,17,24.617,85.558,33,4.8,mb
1985,2,16,30.618,85.586,33,4.3,mb
1985,2,15,34.306,82.422,33,5,mb
1985,2,15,30.129,81.609,33,4.4,mb
1985,1,30,31.029,85.582,33,4.7,mb
1984,12,18,29.425,80.862,33,4.7,mb
1984,12,15,31.284,77.805,33,4.7,mb
1984,12,5,27.202,81.728,33,4.7,mb
1984,11,28,31.759,89.042,33,4.5,mb
1984,11,26,30.489,79.252,33,4.5,mb
1984,11,23,29.386,81.571,33,4.4,mb
1984,11,18,28.799,84.073,33,5.3,mb
1984,10,24,29.704,80.053,56.3,4.2,mb
1984,10,2,30.982,88.761,33,4.4,mb
1984,9,30,25.363,91.468,33,5.1,mb
1984,9,28,34.483,82.558,56.2,4.7,mb
1984,9,15,29.212,81.525,33,4.6,mb
1984,8,6,32.148,88.036,33,4.9,mb
1984,7,29,29.411,81.799,43.8,4.5,mb
1984,7,21,28.689,82.158,63.7,4.3,mb
1984,5,30,28.828,83.936,33,4.5,mb
1984,5,21,23.721,91.588,33,5.3,mb
1984,5,19,29.294,81.884,45.4,4.7,mb
1984,5,18,29.577,81.869,33,5.6,mb
1984,5,3,30.5,78.404,33,4.5,mb
1984,4,27,33.676,89.45,33,4.9,mb
1984,4,22,30.648,84.158,33,4.8,mb
1984,4,15,31.667,82.272,33,5,mb
1984,4,11,34.667,79.633,49,4.8,mb
1984,4,11,32.075,85.831,33,4.7,mb
1984,3,23,29.99,78.871,33,5.1,mb
1984,3,14,34.216,79.636,33,5.2,mb
1984,3,14,29.105,81.119,39.7,4.9,mb
1984,2,19,29.867,80.546,21.4,5,mb
1984,1,25,27.486,86.089,33,4.6,mb
1984,1,14,31.747,88.051,33,4.3,mb
1984,1,8,31.991,79.499,33,4.2,mb
1984,1,6,27.777,84.74,33,4.5,mb
1983,12,23,25.382,87.626,33,4.3,mb
1983,11,23,30.354,83.105,33,4.6,mb
1983,11,5,33.967,89.95,33,5.2,ms
1983,9,16,32.03,91.068,33,4.7,mb
1983,8,23,27.965,84.963,60.9,4.3,mb
1983,8,16,31.445,90.981,47.8,4.1,mb
1983,7,5,29.492,80.692,33,4.6,mb
1983,5,31,34.534,79.734,46.8,5,mb
1983,2,27,32.613,78.553,33,5.3,mb
1983,1,29,33.174,88.19,33,4.5,mb
1983,1,27,29.056,81.394,33,4.8,mb
1983,1,19,25.637,91.288,10,4.9,mb
1983,1,6,31.309,82.132,33,4.7,mb
1982,12,30,26.159,91.641,40.6,5,mb
1982,12,29,30.273,79.809,33,4.8,mb
1982,12,21,29.296,81.374,32.1,4.3,mb
1982,12,21,29.198,81.378,33,4.7,mb
1982,12,14,31.459,78.91,33,4.6,mb
1982,11,22,27.759,84.918,64.3,4.2,mb
1982,11,18,26.107,91.563,33,4.8,mb
1982,10,30,34.587,81.23,33,4.3,mb
1982,10,16,30.326,79.129,71.2,4.5,mb
1982,9,29,34.804,91.081,33,4.3,mb
1982,9,21,25.147,91.397,33,4.6,mb
1982,9,9,28.639,81.109,33,4.4,mb
1982,8,31,25.381,91.472,33,5,mb
1982,8,18,27.083,89.494,57.6,4.6,mb
1982,8,3,27.895,85.465,33,4.6,mb
1982,7,6,25.91,90.315,33,5.1,mb
1982,6,20,26.497,90.206,33,4.5,mb
1982,6,10,31.547,82.119,33,4.9,mb
1982,4,5,27.419,88.864,33,5.1,mb
1982,3,24,30.569,88.735,33,4.6,mb
1982,2,26,25.567,90.749,63.9,4.7,mb
1982,2,19,33.708,80.83,33,4.7,mb
1982,2,4,31.387,82.193,33,4.6,mb
1982,1,28,25.174,90.664,33,4.2,mb
1982,1,25,31.649,82.309,33,5.1,mb
1982,1,24,31.598,82.354,33,4.5,mb
1982,1,24,31.467,82.384,33,4.4,mb
1982,1,24,31.65,82.175,33,4.6,mb
1982,1,24,31.589,82.438,33,4.5,mb
1982,1,24,31.536,82.389,33,4.6,mb
1982,1,23,31.774,82.356,33,4.4,mb
1982,1,23,31.539,82.34,33,5,mb
1982,1,23,31.631,82.444,33,4.7,mb
1982,1,23,31.662,82.6,33,4.2,mb
1982,1,23,31.557,82.29,44.6,5,mb
1982,1,23,31.582,82.205,33,6,ms
1982,1,23,31.696,82.246,33,6.5,ms
1982,1,22,30.829,89.822,33,5.3,ms
1981,11,21,29.525,89.109,47.9,4.7,mb
1981,11,20,21.685,90.773,33,4.2,mb
1981,10,19,31.814,88.424,33,4.5,mb
1981,9,10,29.32,81.122,33,4.6,mb
1981,8,31,34.58,78.972,33,4.8,mb
1981,8,10,31.263,77.935,33,4.6,mb
1981,6,19,30.541,79.217,63.6,4.4,mb
1981,6,13,31.704,78.335,33,5,mb
1981,6,10,32.63,88.448,33,4.4,mb
1981,6,9,34.501,91.444,10,6,ms
1981,5,28,31.851,78.411,33,5.6,ms
1981,5,15,29.504,81.942,33,5.1,mb
1981,5,13,32.682,82.403,33,4.9,mb
1981,4,14,35.066,86.43,33,4.5,mb
1981,4,9,28.006,84.409,33,4.5,mb
1981,3,6,29.806,80.659,42.5,4.9,mb
1981,2,9,27.038,89.752,33,5.1,mb
1980,12,22,26.335,89.312,33,4.5,mb
1980,11,25,27.788,85.388,33,4,mb
1980,11,20,29.593,85.222,33,4.8,mb
1980,11,19,27.394,88.752,17,6.1,ms
1980,11,18,29.558,85.173,33,4.7,mb
1980,10,30,23.934,91.292,33,5,mb
1980,10,10,29.17,81.208,33,5,mb
1980,10,8,31.354,87.666,33,5,mb
1980,9,22,32.458,78.519,65,4.7,mb
1980,9,8,29.999,80.434,33,4.5,mb
1980,8,20,29.517,81.189,33,4.3,mb
1980,8,14,32.863,88.444,33,4.9,ms
1980,8,4,29.411,80.771,33,4.5,mb
1980,7,31,29.43,80.851,33,4.5,mb
1980,7,30,29.438,80.825,33,4.5,mb
1980,7,30,29.596,80.743,33,4.8,mb
1980,7,29,29.118,81.006,33,4.6,mb
1980,7,29,29.447,80.712,33,4.4,mb
1980,7,29,29.598,81.092,18,6.5,ms
1980,7,29,29.331,81.258,34,5.7,mb
1980,6,25,30.701,88.794,33,4.3,mb
1980,6,25,32.734,88.562,33,4.7,mb
1980,6,24,32.821,88.517,33,5.4,ms
1980,6,22,30.1,81.768,33,5.1,mb
1980,6,11,25.759,90.213,33,4.8,mb
1980,6,10,30.559,88.604,33,4.6,mb
1980,6,3,30.659,88.6,33,5.1,ms
1980,3,13,34.245,87.76,15,5,mb
1980,3,4,30.513,88.683,33,4.7,mb
1980,2,28,30.567,88.983,33,4.6,mb
1980,2,27,32.787,82.455,33,4.7,mb
1980,2,27,32.884,82.43,33,4.4,mb
1980,2,23,30.565,88.776,33,4.3,mb
1980,2,22,30.506,88.795,33,4.8,mb
1980,2,22,30.543,88.743,33,4.6,mb
1980,2,22,30.63,88.771,33,4.7,mb
1980,2,22,30.644,88.754,33,4.7,mb
1980,2,22,30.505,88.626,33,4.8,mb
1980,2,22,30.506,88.583,33,6.2,ms
1980,2,20,32.891,90.189,33,4.8,mb
1980,1,27,33.64,82.033,33,4.6,mb
1980,1,27,33.714,82.219,33,4.5,mb
1980,1,27,33.763,82.153,33,4.7,mb
1980,1,9,32.831,88.75,33,4.3,mb
1979,12,28,30.628,78.445,33,5,mb
1979,11,16,27.243,88.159,33,4.6,mb
1979,11,6,32.831,85.696,33,4.6,mb
1979,9,6,32.731,85.528,33,5.1,ms
1979,7,29,26.753,91.739,66,4.6,mb
1979,7,16,34.525,87.63,33,4.6,mb
1979,7,3,27.972,84.476,33,4.2,mb
1979,6,30,33.911,87.85,33,4.4,mb
1979,6,19,26.741,87.506,24,5.1,mb
1979,6,11,34.942,80.792,33,4.7,mb
1979,5,20,30.029,80.31,33,5.9,ms
1979,5,11,32.087,78.809,33,4.4,mb
1979,5,5,27.246,85.54,33,4.3,mb
1979,4,19,32.985,83.358,33,4.5,mb
1979,4,11,25.978,88.823,33,4.8,mb
1979,3,31,32.703,89.295,33,4.7,ms
1979,3,27,32.058,78.611,33,4.3,mb
1979,3,5,30.476,79.727,33,4.3,mb
1979,2,26,26.272,91.203,33,4.2,mb
1979,1,28,24.61,91.166,33,4.9,mb
1979,1,24,33.099,88.495,33,4.6,mb
1978,12,25,28.115,83.912,33,4.5,mb
1978,12,12,29.046,81.232,56,4.3,mb
1978,12,7,32.73,86.022,39,4.8,mb
1978,11,30,32.693,85.59,33,4.8,mb
1978,11,29,32.612,85.618,33,4.2,mb
1978,10,26,32.648,85.61,33,4.7,mb
1978,10,26,32.575,85.492,33,4.8,mb
1978,10,23,28.817,86.812,33,4.4,mb
1978,10,4,27.834,85.963,33,5.2,mb
1978,9,3,32.34,82.886,44,4.5,mb
1978,8,15,31.285,84.608,33,4.8,mb
1978,8,13,28.042,85.211,33,4.4,mb
1978,8,9,32.233,83.101,33,4.6,mb
1978,8,8,32.355,83.043,37,5.2,mb
1978,7,14,32.175,82.94,33,4.3,mb
1978,6,15,34.475,80.678,33,4.5,mb
1978,6,1,34.474,80.477,57,4.6,mb
1978,4,11,32.633,78.618,33,4.5,mb
1978,4,10,32.88,82.46,33,4.4,mb
1978,4,4,33.033,82.285,27,6,ms
1978,3,30,32.849,78.304,50,4.2,mb
1978,3,29,32.75,88.358,33,4.3,mb
1978,3,7,29.279,81.052,33,4.2,mb
1978,2,19,29.298,84.994,16,4.7,mb
1978,2,11,34.046,88.114,33,4.3,mb
1978,2,10,28.072,84.644,33,5.2,mb
1978,1,15,31.917,78.306,60,4.5,mb
1978,1,7,30.565,79.38,33,4.7,mb
1977,11,20,32.395,87.765,33,4.7,mb
1977,11,18,32.698,88.422,33,4.7,mb
1977,11,18,32.61,88.315,33,4.9,mb
1977,11,18,32.719,88.316,33,4.4,mb
1977,11,18,32.654,88.469,33,4.6,mb
1977,11,18,32.64,88.431,33,4.6,mb
1977,11,18,32.693,88.388,33,6.5,ms
1977,11,4,29.597,81.279,15,4.9,mb
1977,10,19,32.737,78.412,33,4.8,mb
1977,9,20,29.518,81.096,23,5,mb
1977,6,5,26.224,88.317,33,4.8,mb
1977,4,20,30.519,79.352,33,4.8,mb
1977,4,14,32.023,78.547,33,4.3,mb
1977,3,27,32.706,78.545,26,5,mb
1977,3,16,31.261,89.411,33,4.8,mb
1977,3,15,31.352,89.336,33,4.7,mb
1977,2,20,34.653,80.7,33,4.5,mb
1977,2,19,34.701,81.258,19,5.1,mb
1977,2,19,31.581,78.22,33,4.7,mb
1977,2,19,31.786,78.417,40,5.4,mb
1977,1,28,31.539,78.275,55,4.7,mb
1977,1,14,34.697,82.711,33,4.7,mb
1977,1,6,31.048,88.052,33,5.2,mb
1976,10,23,28.676,86.228,63,5.1,mb
1976,10,3,31.909,78.76,16,4.7,mb
1976,9,29,31.771,78.348,29,5,mb
1976,9,29,29.817,81.39,33,5,mb
1976,9,14,29.795,89.559,82,5.5,mb
1976,9,12,27.672,85.752,33,4.8,mb
1976,9,8,32.046,78.684,18,5.4,mb
1976,8,1,34.724,79.319,15,4.6,mb
1976,7,23,31.662,83.934,29,4.8,mb
1976,7,12,33.743,85.558,33,4.8,mb
1976,7,6,32.284,78.275,56,4.8,mb
1976,6,23,21.415,88.79,23,5.3,mb
1976,5,10,29.284,81.46,33,5.2,mb
1976,5,6,31.787,78.669,51,4.5,mb
1976,4,21,32.231,85.483,33,4.2,mb
1976,2,14,34.684,82.051,33,4.6,mb
1975,12,28,32.251,87.473,33,4.9,mb
1975,11,26,28.343,87.636,33,5.1,mb
1975,11,13,34.518,82.634,19,4.8,mb
1975,11,6,29.497,78.084,33,4.9,mb
1975,11,5,32.035,78.809,28,5.2,mb
1975,10,24,26.848,86.293,33,4.2,mb
1975,9,27,30.413,85.64,33,4.3,mb
1975,9,19,31.973,78.476,33,5.1,mb
1975,9,19,32.221,78.937,33,4.3,mb
1975,9,8,31.534,84.874,22,4.9,mb
1975,9,6,29.283,82.161,33,5.1,mb
1975,8,27,34.771,80.492,16,4.8,mb
1975,8,23,30.614,79.453,33,4,mb
1975,7,29,32.555,78.457,51,5.5,mb
1975,7,21,32.122,78.533,33,4.7,mb
1975,7,19,32.335,78.623,33,4.4,mb
1975,7,19,31.92,78.605,40,5.3,mb
1975,7,2,32.536,78.592,33,4.9,mb
1975,6,24,27.473,87.294,33,5.2,mb
1975,6,10,32.554,78.626,28,4.9,mb
1975,5,11,31.963,78.581,26,4.8,mb
1975,5,8,32.383,78.508,33,4.8,mb
1975,4,24,27.238,86.902,33,5.1,mb
1975,4,9,31.586,78.512,33,4.5,mb
1975,4,9,30.41,84.889,33,4.9,mb
1975,4,1,31.877,78.47,33,4.7,mb
1975,3,10,32.21,78.781,49,4.9,mb
1975,2,11,32.153,78.477,33,4.7,mb
1975,2,6,27.891,87.826,33,4.7,mb
1975,2,2,32.595,78.529,21,5.1,mb
1975,1,31,32.417,78.479,45,4.6,mb
1975,1,31,28.1,84.729,33,5.4,mb
1975,1,29,31.879,78.485,33,4.9,mb
1975,1,27,32.717,78.476,33,4.5,mb
1975,1,27,32.316,78.496,33,4.8,mb
1975,1,27,32.029,78.637,33,4.9,mb
1975,1,27,32.464,78.728,33,5,mb
1975,1,23,27.314,88.255,33,4.8,mb
1975,1,22,31.899,78.507,51,4.7,mb
1975,1,20,32.126,78.546,33,4.6,mb
1975,1,20,32.501,78.566,48,4.8,mb
1975,1,19,32.602,78.725,33,4.1,mb
1975,1,19,32.131,78.642,33,5,mb
1975,1,19,32.414,78.531,33,4.7,mb
1975,1,19,32.112,78.508,33,4.8,mb
1975,1,19,31.95,78.521,33,6,mb
1975,1,19,32.455,78.43,33,6.8,ms
1975,1,19,32.437,78.599,60,5.3,mb
1974,12,23,29.412,81.393,45,5.2,mb
1974,11,10,31.501,86.359,33,4.5,mb
1974,10,31,31.24,85.33,33,4.6,mb
1974,10,13,34.68,87.218,33,5,mb
1974,9,27,28.596,85.496,70,5.6,mb
1974,9,21,25.68,90.908,27,4.7,mb
1974,7,7,30.638,78.692,33,4.9,mb
1974,6,11,34.022,88.476,40,4.1,mb
1974,5,15,25.547,91.799,32,4.5,mb
1974,5,6,29.325,81.652,33,4.5,mb
1974,3,24,27.594,86.021,33,4.8,mb
1974,3,24,27.727,86.11,33,5.7,ms
1974,3,13,29.251,81.569,65,4.5,mb
1974,3,6,32.294,85.73,33,4.7,mb
1974,3,3,30.825,86.292,33,5.3,mb
1974,2,24,30.943,78.053,45,4.7,mb
1973,11,27,33.009,86.723,33,5,mb
1973,11,26,34.443,91.57,33,4.6,mb
1973,11,21,34.657,80.968,26,5.2,ms
1973,11,2,25.723,91.603,20,4.8,mb
1973,10,16,28.219,82.945,33,5.2,mb
1973,9,30,32.962,84.641,33,4.1,mb
1973,9,8,33.175,86.723,33,5.1,mb
1973,9,8,33.243,86.749,33,5.5,mb
1973,8,16,33.081,86.877,33,5.5,ms
1973,8,1,29.604,89.088,71,4.9,mb
1973,7,16,35.071,86.45,15,5.4,mb
1973,4,4,30.485,83.68,48,4.8,mb
1973,3,22,28.135,86.993,33,5.2,mb
1973,1,2,31.241,88.088,33,5.2,mb
1972,7,22,31.356,91.444,10,5.9,mw
1971,5,3,30.739,84.443,10,5.5,mw
1966,12,16,29.535,80.823,20,5.7,mw
1966,8,15,28.565,78.961,27,5.6,mw
1966,6,27,29.706,80.935,25,6.3,mw
1966,6,27,29.543,80.915,25,5.7,mw
1966,6,27,29.504,80.845,25.9,6,mw
1966,3,6,31.422,80.554,20,6.3,mw
1966,3,6,31.525,80.487,20,6.7,mw
1965,6,17,32.052,87.784,10,5.9,mw
1965,1,12,27.357,87.867,20,5.9,mw
1964,9,26,29.829,80.474,25,5.9,mw
1963,4,12,31.885,78.781,30,5.5,mw
1961,6,4,34.029,81.974,15,6.2,mw
1960,7,29,26.488,90.297,15,5.6,mw
1960,3,5,29.411,81.158,25,5.7,mw
1959,5,24,26.147,90.19,20,5.4,mw
1958,12,28,29.926,79.9,15,6.1,mw
1958,11,3,30.44,84.54,15,5.5,mw
1958,10,28,30.472,84.553,15,6.3,mw
1958,1,23,30.622,84.133,15,5.5,mw
1957,4,22,30.841,84.297,15,6,mw
1957,4,14,30.521,84.348,15,6.4,mw
1956,6,12,25.03,90.853,15,5.5,mw
1955,12,29,29.845,90.189,15,5.9,mw
1955,8,4,30.675,86.43,15,5.7,mw
1955,6,27,32.294,78.506,15,6.2,mw
1955,3,27,29.671,90.166,15,5.9,mw
1955,1,28,33.136,82.579,35,6.5,mw
1954,9,4,28.169,83.825,15,5.9,mw
1954,2,23,27.672,91.605,15,6.2,mw
1953,12,3,31.151,85.743,30,6.5,mw
1953,10,11,32.116,82.786,30,6.5,mw
1953,10,8,32.258,82.892,10,6.1,mw
1953,8,29,28.168,82.333,15,5.8,mw
1953,2,23,29.529,81.382,10,5.8,mw
1952,11,19,29.682,86.506,15,5.8,mw
1952,10,7,31.464,87.446,15,5.8,mw
1952,8,17,30.648,91.601,25,7.4,mw
1952,6,15,31.373,90.918,15,5.9,mw
1952,6,2,30.367,91.759,15,5.8,mw
1952,6,2,30.891,91.651,15,5.8,mw
1952,4,1,34.036,83.842,15,5.7,mw
1952,3,14,30.492,91.776,15,5.6,mw
1952,3,6,29.879,90.768,15,5.5,mw
1951,12,26,31.244,90.784,15,6.3,mw
1951,12,7,30.974,90.774,15,5.7,mw
1951,12,3,30.441,91.232,15,5.5,mw
1951,11,18,30.477,91.451,15,5.6,mw
1951,11,18,30.409,91.135,15,6,mw
1951,11,18,31.056,91.261,30,7.7,mw
1951,11,17,30.908,91.498,15,6.1,mw
1951,5,28,28.925,86.685,15,6,mw
1951,4,7,25.949,90.575,15,5.8,mw
1950,12,29,23.854,91.844,15,5.9,mw
1950,12,29,32.735,87.974,15,6.1,mw
1950,8,21,33.039,91.483,15,6,mw
1950,8,17,34.13,80.883,15,5.6,mw
1950,2,26,27.223,90.817,15,5.7,mw
1947,2,10,31.537,85.278,15,6.5,mw
1946,11,6,34.419,80.458,25,6.4,mw
1945,6,4,30.218,80.082,15,6.4,mw
1944,10,29,31.051,83.135,20,6.5,mw
1944,10,17,31.266,83.114,20,6.8,mw
1937,11,15,34.728,78.258,30,6.4,mw
1936,5,27,28.397,83.311,15,6.8,mw
1935,1,3,30.737,88.318,15,6.5,mw
1934,12,15,31.25,89.162,15,7.2,mw
1934,1,15,26.885,86.589,15,8,mw
1930,7,2,25.929,90.177,15,7.1,mw
1924,10,8,30.882,89.651,15,6.5,mw
1923,9,9,24.937,90.721,15,6.8,mw
1918,7,8,24.599,90.853,15,7.2,mw
1916,8,28,29.73,80.745,20,7,mw
1915,12,3,27.7,91.64,15,6.5,mw
1911,10,14,30.759,80.279,20,6.5,mw
1908,8,20,31.228,87.835,15,6.9,mw
